{
  "Andhra Pradesh": {
    "Anantapur": ["Anantapur", "Dharmavaram", "Guntakal", "Hindupur", "Kadiri", "Penukonda", "Tadipatri"],
    "Chittoor": ["Chittoor", "Madanapalle", "Palamaner", "Punganur", "Srikalahasti", "Tirupati"],
    "East Godavari": ["Amalapuram", "Kakinada", "Rajahmundry", "Ramachandrapuram", "Razole", "Tuni"],
    "Guntur": ["Guntur", "Macherla", "Narasaraopet", "Piduguralla", "Repalle", "Tenali"],
    "Krishna": ["Gudivada", "Jaggayyapeta", "Machilipatnam", "Nuzvid", "Vijayawada"],
    "Nellore": ["Atmakur", "Gudur", "Kavali", "Nellore", "Sullurpeta"],
    "Prakasam": ["Chirala", "Kandukur", "Markapur", "Ongole", "Parchur"],
    "Srikakulam": ["Amadalavalasa", "Etcherla", "Ichchapuram", "Palasa", "Srikakulam", "Tekkali"],
    "Visakhapatnam": ["Anakapalle", "Chodavaram", "Narsipatnam", "Paderu", "Visakhapatnam"],
    "Vizianagaram": ["Bobbili", "Cheepurupalle", "Gajapathinagaram", "Parvathipuram", "Vizianagaram"],
    "West Godavari": ["Bhimavaram", "Eluru", "Jangareddygudem", "Kovvur", "Narsapur", "Tadepalligudem"]
  },
  "Arunachal Pradesh": {
    "Anjaw": ["Anjaw", "Hayuliang", "Hawai"],
    "Changlang": ["Changlang", "Khonsa", "Miao", "Nampong"],
    "Dibang Valley": ["Anini", "Dambuk", "Roing"],
    "East Kameng": ["Bameng", "Chayangtajo", "Pakke Kessang", "Seppa"],
    "East Siang": ["Mebo", "Pasighat", "Sille-Oyan"],
    "Kamle": ["Raga", "Gepen"],
    "Kra Daadi": ["Jamin", "Palin", "Tali"],
    "Kurung Kumey": ["Damin", "Koloriang", "Nyapin", "Sangram"],
    "Lepa Rada": ["Basar", "Daring", "Sago"],
    "Lohit": ["Chongkham", "Hayuliang", "Lekang", "Namsai", "Tezu"],
    "Longding": ["Kanubari", "Longding", "Pongchau"],
    "Lower Dibang Valley": ["Dambuk", "Roing"],
    "Lower Siang": ["Likabali", "Pangin"],
    "Lower Subansiri": ["Yachuli", "Ziro"],
    "Namsai": ["Chongkham", "Lekang", "Namsai"],
    "Pakke Kessang": ["Pakke Kessang", "Seijosa"],
    "Papum Pare": ["Banderdewa", "Doimukh", "Itanagar", "Naharlagun", "Sagalee"],
    "Shi Yomi": ["Mechuka", "Tato"],
    "Siang": ["Boleng", "Kaying", "Pangin", "Rumgong"],
    "Tawang": ["Jang", "Kitpi", "Lumla", "Mukto", "Tawang"],
    "Tirap": ["Deomali", "Khonsa", "Laju"],
    "Upper Siang": ["Mariyang", "Pangin", "Tuting"],
    "Upper Subansiri": ["Daporijo", "Nacho", "Sagalee", "Taliha"],
    "West Kameng": ["Bhalukpong", "Bomdila", "Dirang", "Kalaktang", "Rupa", "Thrizino"],
    "West Siang": ["Aalo", "Basar", "Daporijo", "Likabali", "Pangin"]
  },
  "Assam": {
    "Baksa": ["Baksa", "Barpeta", "Bongaigaon", "Chirang", "Kokrajhar"],
    "Barpeta": ["Barpeta", "Bhabanipur", "Chenga", "Gobardhana", "Kalgarh", "Sarthebari"],
    "Biswanath": ["Biswanath Chariali", "Gohpur", "Helem", "Sootea"],
    "Bongaigaon": ["Bongaigaon", "Boitamari", "Manikpur", "Srijangram"],
    "Cachar": ["Cachar", "Dholai", "Katigorah", "Lakhipur", "Silchar", "Sonai"],
    "Charaideo": ["Charaideo", "Sonari"],
    "Chirang": ["Bajali", "Bhabanipur", "Bongaigaon", "Chirang", "Kokrajhar"],
    "Darrang": ["Darrang", "Kalaigaon", "Mangaldai", "Sipajhar"],
    "Dhemaji": ["Dhemaji", "Jonai", "Sissiborgaon"],
    "Dhubri": ["Bilasipara", "Dhubri", "Gauripur", "Golakganj", "South Salmara"],
    "Dibrugarh": ["Chabua", "Dibrugarh", "Moran", "Naharkatiya", "Tingkhong"],
    "Dima Hasao": ["Haflong", "Maibong", "Umrangso"],
    "Goalpara": ["Balijana", "Dudhnoi", "Goalpara", "Jaleswar", "Lakhipur"],
    "Golaghat": ["Bokakhat", "Dergaon", "Golaghat", "Khumtai", "Morangi"],
    "Hailakandi": ["Algapur", "Hailakandi", "Katlicherra", "Lala"],
    "Hojai": ["Doboka", "Hojai", "Lanka"],
    "Jorhat": ["Dergaon", "Jorhat", "Mariani", "Teok", "Titabor"],
    "Kamrup": ["Amingaon", "Boko", "Chamaria", "Goroimari", "Hajo", "Kamalpur", "Rampur"],
    "Kamrup Metropolitan": ["Azara", "Chandrapur", "Dispur", "Guwahati", "Sonapur"],
    "Karbi Anglong": ["Diphu", "Donka", "Phuloni", "Silonijan"],
    "Karimganj": ["Badarpur", "Karimganj", "Nilambazar", "Patharkandi", "Ramkrishna Nagar"],
    "Kokrajhar": ["Bilasipara", "Gossaigaon", "Kokrajhar", "Sidli"],
    "Lakhimpur": ["Bihpuria", "Dhemaji", "Lakhimpur", "Narayanpur", "North Lakhimpur"],
    "Majuli": ["Majuli", "Kamalabari"],
    "Morigaon": ["Bhurbandha", "Laharighat", "Mayong", "Morigaon"],
    "Nagaon": ["Dhing", "Kaliabor", "Nagaon", "Raha", "Samaguri"],
    "Nalbari": ["Barkhetri", "Baska", "Ghograpar", "Nalbari", "Tihu"],
    "Sivasagar": ["Amguri", "Nazira", "Sibsagar", "Sonari"],
    "Sonitpur": ["Biswanath Chariali", "Dhekiajuli", "Gohpur", "Helem", "Sootea", "Tezpur"],
    "South Salmara-Mankachar": ["Mankachar", "South Salmara"],
    "Tinsukia": ["Dibrugarh", "Margherita", "Sadiya", "Tinsukia"],
    "Udalguri": ["Bhergaon", "Harisinga", "Kalaigaon", "Udalguri"]
  },
  "Bihar": {
    "Araria": ["Araria", "Forbesganj", "Jokihat", "Kursakanta", "Narpatganj", "Palasi", "Raniganj", "Sikti"],
    "Arwal": ["Arwal", "Kaler", "Kurtha"],
    "Aurangabad": ["Aurangabad", "Barun", "Daudnagar", "Deo", "Goh", "Kutumba", "Madanpur", "Obra", "Rafiganj"],
    "Banka": ["Amarpur", "Banka", "Barahat", "Belhar", "Chandan", "Dhuraiya", "Katoria"],
    "Begusarai": ["Bachhwara", "Bakhri", "Begusarai", "Bhagwanpur", "Birpur", "Cheria Bariarpur", "Chhorahi", "Dandari", "Garhpura", "Mansurchak", "Matihani", "Naokothi", "Sahebpur Kamal", "Teghra"],
    "Bhagalpur": ["Bihpur", "Gopalganj", "Ismailpur", "Jagdishpur", "Kahalgaon", "Kharik", "Narayanpur", "Nathnagar", "Pirpainti", "Sabour", "Shahkund", "Sultanganj"],
    "Bhojpur": ["Ara", "Barhara", "Bihiya", "Chand", "Garhani", "Jagdishpur", "Koilwar", "Piro", "Sandesh", "Shahpur", "Tarari", "Udwant Nagar"],
    "Buxar": ["Brahmpur", "Buxar", "Chakki", "Chausa", "Dumraon", "Itarhi", "Kesath", "Nawanagar", "Rajpur"],
    "Darbhanga": ["Alinagar", "Bahadurpur", "Baheri", "Benipur", "Biraul", "Darbhanga", "Gora Bauram", "Hanuman Nagar", "Hayaghat", "Jale", "Keoti", "Kiratpur", "Kusheshwar Asthan", "Manigachhi", "Singhwara", "Tardih"],
    "East Champaran": ["Adapur", "Areraj", "Bankatwa", "Chakia", "Chiraia", "Dhaka", "Ghorasahan", "Harsidhi", "Kalyanpur", "Kesaria", "Kotwa", "Madhuban", "Motihari", "Paharpur", "Pakri Dayal", "Patahi", "Piprakothi", "Raxaul", "Sangrampur", "Sugauli", "Tetaria", "Turkaulia"],
    "Gaya": ["Amas", "Atri", "Banke Bazar", "Barachatti", "Belaganj", "Bodh Gaya", "Dobhi", "Fatehpur", "Gaya", "Guraru", "Gurua", "Imamganj", "Khizirsarai", "Konch", "Manpur", "Mohanpur", "Muhra", "Nimchak Bathani", "Paraiya", "Sherghati", "Tankuppa", "Tekari", "Wazirganj"],
    "Gopalganj": ["Barauli", "Bijaipur", "Gopalganj", "Hathua", "Katiya", "Kuchaikote", "Manjha", "Pach Deuri", "Phulwaria", "Sidhwalia", "Thawe", "Uchkagaon"],
    "Jamui": ["Barhat", "Chakai", "Gidhaur", "Ismailpur", "Jamui", "Jhajha", "Khaira", "Lakshmipur", "Sikandra", "Sono"],
    "Jehanabad": ["Ghosi", "Hulasganj", "Jehanabad", "Kako", "Makhdumpur", "Modanganj", "Ratni Faridpur"],
    "Kaimur": ["Adhaura", "Bhabua", "Chainpur", "Chand", "Durgawati", "Kudra", "Mohania", "Ramgarh", "Rohtas"],
    "Katihar": ["Amdabad", "Azamnagar", "Balrampur", "Barari", "Barsoi", "Dandkhora", "Falka", "Hasanganj", "Kadwa", "Katihar", "Korha", "Kursela", "Mansahi", "Pranpur", "Sameli"],
    "Khagaria": ["Alauli", "Beldaur", "Chautham", "Gogri", "Khagaria", "Mansi", "Parbatta"],
    "Kishanganj": ["Bahadurganj", "Dighalbank", "Kishanganj", "Kochadhaman", "Pothia", "Terhagachh", "Thakurganj"],
    "Lakhisarai": ["Barahiya", "Halsi", "Lakhisarai", "Pipariya", "Ramgarh Chowk", "Surajgarha"],
    "Madhepura": ["Alamnagar", "Bihariganj", "Chousa", "Gamharia", "Ghailarh", "Kumarkhand", "Madhepura", "Murliganj", "Puraini", "Shankarpur", "Singheshwar", "Udakishunganj"],
    "Madhubani": ["Andhratharhi", "Babubarhi", "Basantpur", "Benipatti", "Bisfi", "Ghoghardiha", "Harlakhi", "Jainagar", "Jhanjharpur", "Khajauli", "Ladania", "Laukaha", "Laukahi", "Madhubani", "Madhwapur", "Pandaul", "Phulparas", "Rajnagar", "Rampur", "Sahiyara", "Supaul"],
    "Munger": ["Asarganj", "Bariyarpur", "Dharhara", "Haveli Kharagpur", "Jamalpur", "Kharagpur", "Munger", "Sangrampur", "Tarapur", "Tetiya Bambar"],
    "Muzaffarpur": ["Aurai", "Bandra", "Bochaha", "Gaighat", "Kanti", "Katra", "Kurhani", "Marwan", "Minapur", "Motipur", "Muraul", "Musahari", "Paroo", "Sahebganj", "Sakra", "Saraiya"],
    "Nalanda": ["Asthawan", "Ben", "Biharsharif", "Bind", "Chandi", "Ekangarsarai", "Giriak", "Harnaut", "Hilsa", "Islampur", "Karai Parsurai", "Nagar Nausa", "Noorsarai", "Parwalpur", "Rahui", "Rajgir", "Sarmera", "Silao", "Tharthari"],
    "Nawada": ["Akbarpur", "Gobindpur", "Hisua", "Kashichak", "Kawakol", "Narhat", "Nawada", "Pakribarawan", "Pandaul", "Roh", "Sirdala", "Warisaliganj"],
    "Patna": ["Athmalgola", "Bakhtiarpur", "Barh", "Belchhi", "Bikram", "Bihta", "Danapur", "Daniyawan", "Dhanarua", "Dinapur-Cum-Khagaul", "Fatuha", "Ghoshwari", "Khusrupur", "Maner", "Masaurhi", "Mokama", "Naubatpur", "Paliganj", "Pandarak", "Patna", "Phulwari", "Punpun", "Sampatchak", "Sandesh", "Shahpur"]
  },
  "Chhattisgarh": {
    "Balod": ["Balod", "Dondi", "Gunderdehi", "Lohara"],
    "Baloda Bazar": ["Baloda Bazar", "Bhatapara", "Bilaigarh", "Kasdol", "Palari"],
    "Balrampur": ["Balrampur", "Ramchandrapur", "Shankargarh", "Wadrafnagar"],
    "Bastar": ["Bakavand", "Bastar", "Jagdalpur", "Lohandiguda", "Tokapal"],
    "Bemetara": ["Bemetara", "Berla", "Nawagarh", "Saja"],
    "Bijapur": ["Bhairamgarh", "Bijapur", "Bhopalpattnam", "Usur"],
    "Bilaspur": ["Bilaspur", "Bilha", "Kota", "Masturi", "Takhatpur"],
    "Dantewada": ["Dantewada", "Katekalyan", "Kuakonda"],
    "Dhamtari": ["Dhamtari", "Kurud", "Magarlod", "Nagri"],
    "Durg": ["Ahiwara", "Balod", "Dhamdha", "Durg", "Gunderdehi", "Patan"],
    "Gariaband": ["Chhura", "Deobhog", "Fingeshwar", "Gariaband", "Mainpur", "Rajim"],
    "Janjgir-Champa": ["Akaltara", "Baloda", "Champa", "Dabhra", "Jaijaipur", "Janjgir", "Malkharoda", "Nawagarh", "Pamgarh", "Sakti"],
    "Jashpur": ["Bagicha", "Duldula", "Jashpur", "Kunkuri", "Manora", "Pathalgaon"],
    "Kabirdham": ["Bodla", "Kawardha", "Lohara", "Pandariya"],
    "Kanker": ["Antagarh", "Bhanupratappur", "Charama", "Durgkondal", "Kanker", "Koylibeda", "Narharpur"],
    "Kondagaon": ["Kondagaon", "Makdi", "Pharasgaon"],
    "Korba": ["Katghora", "Korba", "Pali", "Podi Uproda"],
    "Koriya": ["Baikunthpur", "Bharatpur", "Manendragarh", "Sonhat"],
    "Mahasamund": ["Bagbahra", "Basna", "Mahasamund", "Pithora", "Saraipali"],
    "Mungeli": ["Lormi", "Mungeli", "Pathariya", "Takhatpur"],
    "Narayanpur": ["Abujhmad", "Narayanpur", "Orchha"],
    "Raigarh": ["Baramkela", "Gharghoda", "Lailunga", "Raigarh", "Sarangarh", "Tamnar"],
    "Raipur": ["Abhanpur", "Arang", "Bhatapara", "Bilaigarh", "Bindranawagarh", "Chhura", "Deobhog", "Dharsiwa", "Gariaband", "Mainpur", "Mandir Hasod", "Pallari", "Raipur", "Rajim", "Tilda"],
    "Rajnandgaon": ["Ambagarh Chowki", "Chhuikhadan", "Dongargarh", "Khairagarh", "Manpur", "Mohla", "Pandariya", "Rajnandgaon"],
    "Sukma": ["Bhejji", "Konta", "Sukma"],
    "Surajpur": ["Bhaiyathan", "Lundra", "Odgi", "Pusour", "Ramanujganj", "Surajpur"],
    "Surguja": ["Ambikapur", "Batauli", "Lakhanpur", "Lundra", "Odgi", "Pratappur", "Ramanujganj", "Sitapur", "Udaipur"]
  },
  "Goa": {
    "North Goa": ["Bardez", "Bicholim", "Pernem", "Ponda", "Sattari", "Tiswadi"],
    "South Goa": ["Canacona", "Mormugao", "Quepem", "Salcete", "Sanguem"]
  },
  "Gujarat": {
    "Ahmedabad": ["Ahmedabad City", "Daskroi", "Detroj-Rampura", "Dholka", "Mandal", "Sanand", "Viramgam"],
    "Amreli": ["Amreli", "Babra", "Bagasara", "Dhari", "Jafrabad", "Kunkavav Vadia", "Lathi", "Lilia", "Rajula", "Savarkundla"],
    "Anand": ["Anand", "Borsad", "Khambhat", "Petlad", "Sojitra", "Tarapur", "Umreth"],
    "Aravalli": ["Bayad", "Bhiloda", "Dhansura", "Malpur", "Meghraj", "Modasa"],
    "Banaskantha": ["Amirgadh", "Bhabhar", "Danta", "Deesa", "Deodar", "Dhanera", "Disa", "Kankrej", "Lakhani", "Palanpur", "Tharad", "Vadgam", "Vav"],
    "Bharuch": ["Amod", "Ankleshwar", "Bharuch", "Hansot", "Jambusar", "Jhagadia", "Netrang", "Vagra", "Valia"],
    "Bhavnagar": ["Bhavnagar City", "Gariadhar", "Ghogha", "Mahuva", "Palitana", "Sihor", "Talaja", "Umrala", "Vallabhipur"],
    "Botad": ["Barwala", "Botad", "Gadhada", "Ranpur"],
    "Chhota Udaipur": ["Chhota Udaipur", "Kavant", "Nasvadi", "Pavi Jetpur"],
    "Dahod": ["Devgadh Baria", "Dhanpur", "Fatepura", "Garbada", "Jhalod", "Limkheda", "Sanjeli", "Singvad"],
    "Dang": ["Ahwa", "Subir", "Waghai"],
    "Devbhoomi Dwarka": ["Bhanvad", "Kalyanpur", "Khambhalia"],
    "Gandhinagar": ["Dehgam", "Gandhinagar", "Kalol", "Mansa"],
    "Gir Somnath": ["Gir Gadhada", "Kodinar", "Patan Veraval", "Sutrapada", "Talala", "Una"],
    "Jamnagar": ["Dhrol", "Jamjodhpur", "Jamnagar", "Jodiya", "Kalavad", "Lalpur"],
    "Junagadh": ["Bhesan", "Junagadh", "Keshod", "Kodinar", "Malia", "Manavadar", "Mangrol", "Mendarda", "Patan Veraval", "Sutrapada", "Talala", "Una", "Vanthali", "Visavadar"],
    "Kheda": ["Kapadvanj", "Kheda", "Matar", "Mehmedabad", "Nadiad", "Thasra"],
    "Kutch": ["Abdasa", "Anjar", "Bhachau", "Bhuj", "Gandhidham", "Lakhpat", "Mandvi", "Mundra", "Nakhatrana", "Rapar"],
    "Mahisagar": ["Balasinor", "Kadana", "Khanpur", "Lunawada", "Santrampur", "Virpur"],
    "Mehsana": ["Becharaji", "Jotana", "Kadi", "Kheralu", "Mehsana", "Satlasana", "Unjha", "Vadnagar", "Vijapur", "Visnagar"],
    "Morbi": ["Halvad", "Maliya", "Morbi", "Tankara", "Wankaner"],
    "Narmada": ["Dediapada", "Garudeshwar", "Nandod", "Sagbara", "Tilakwada"],
    "Navsari": ["Bansda", "Chikhli", "Gandevi", "Jalalpore", "Khergam", "Navsari", "Vansda"],
    "Panchmahal": ["Dahod", "Devgadh Baria", "Dhanpur", "Fatepura", "Garbada", "Godhra", "Halol", "Jhalod", "Kadana", "Kalol", "Khanpur", "Lunawada", "Morwa", "Santrampur", "Shehera", "Virpur"],
    "Patan": ["Chanasma", "Harij", "Patan", "Radhanpur", "Sami", "Santalpur", "Sidhpur"],
    "Porbandar": ["Kutiyana", "Porbandar", "Ranavav"],
    "Rajkot": ["Dhoraji", "Gondal", "Jamkandorna", "Jasdan", "Jetpur", "Kotda Sangani", "Lodhika", "Rajkot City", "Upleta", "Wankaner"],
    "Sabarkantha": ["Bayad", "Bhiloda", "Dhansura", "Himatnagar", "Idar", "Khedbrahma", "Malpur", "Meghraj", "Modasa", "Poshina", "Prantij", "Talod", "Vadali", "Vijaynagar"],
    "Surat": ["Bardoli", "Chorasi", "Kamrej", "Mahuva", "Mangrol", "Olpad", "Palsana", "Surat City"],
    "Surendranagar": ["Chotila", "Dasada", "Dhrangadhra", "Lakhtar", "Limbdi", "Muli", "Sayla", "Thangadh", "Wadhwan"],
    "Tapi": ["Nizar", "Songadh", "Uchchhal", "Valod", "Vyara"],
    "Vadodara": ["Dabhoi", "Karjan", "Padra", "Savli", "Sinor", "Vadodara City", "Vaghodia"],
    "Valsad": ["Dharampur", "Kaprada", "Pardi", "Umbergaon", "Valsad"]
  },
  "Haryana": {
    "Ambala": ["Ambala", "Barara", "Naraingarh"],
    "Bhiwani": ["Bawani Khera", "Bhiwani", "Dadri", "Loharu", "Siwani", "Tosham"],
    "Charkhi Dadri": ["Badhra", "Charkhi Dadri"],
    "Faridabad": ["Ballabgarh", "Faridabad"],
    "Fatehabad": ["Bhattu Kalan", "Fatehabad", "Ratia", "Tohana"],
    "Gurugram": ["Farrukhnagar", "Gurugram", "Pataudi", "Sohna"],
    "Hisar": ["Adampur", "Bass", "Bawani Khera", "Hisar", "Nalwa", "Uklana"],
    "Jhajjar": ["Bahadurgarh", "Beri", "Jhajjar", "Matanhail", "Salhawas"],
    "Jind": ["Alewa", "Julana", "Narwana", "Pillu Khera", "Safidon", "Uchana"],
    "Kaithal": ["Guhla", "Kaithal", "Pundri", "Rajound"],
    "Karnal": ["Assandh", "Gharaunda", "Indri", "Karnal", "Nilokheri", "Nissing"],
    "Kurukshetra": ["Babain", "Ladwa", "Pehowa", "Shahbad", "Thanesar"],
    "Mahendragarh": ["Ateli", "Kanina", "Mahendragarh", "Narnaul", "Nangal Choudhary"],
    "Nuh": ["Ferozepur Jhirka", "Nagina", "Nuh", "Punahana", "Taoru"],
    "Palwal": ["Hathin", "Palwal"],
    "Panchkula": ["Barwala", "Kalka", "Panchkula", "Raipur Rani"],
    "Panipat": ["Israna", "Madlauda", "Panipat", "Samalkha"],
    "Rewari": ["Bawal", "Kosli", "Rewari"],
    "Rohtak": ["Beri", "Jhajjar", "Kalanaur", "Lakhan Majra", "Maham", "Rohtak", "Sampla"],
    "Sirsa": ["Dabwali", "Ellenabad", "Nathusari Chopta", "Odhan", "Rania", "Sirsa"],
    "Sonipat": ["Ganaur", "Gohana", "Kharkhoda", "Murthal", "Rai", "Sonipat"],
    "Yamunanagar": ["Bilaspur", "Chhachhrauli", "Jagadhri", "Mustafabad", "Radaur", "Sadhaura"]
  },
  "Himachal Pradesh": {
    "Bilaspur": ["Bilaspur Sadar", "Ghumarwin", "Jhanduta", "Naina Devi", "Swarghat"],
    "Chamba": ["Bharmour", "Chamba", "Dalhousie", "Pangi", "Saluni", "Tissa"],
    "Hamirpur": ["Barsar", "Bhoranj", "Dhatwal", "Galore", "Hamirpur", "Nadaun", "Tira Sujanpur"],
    "Kangra": ["Baijnath", "Baroh", "Dera Gopipur", "Dharamshala", "Fatehpur", "Indora", "Jaisinghpur", "Jawali", "Kangra", "Lambagaon", "Nagrota Bagwan", "Nurpur", "Palampur", "Panchrukhi", "Rakkar", "Shahpur"],
    "Kinnaur": ["Kalpa", "Morang", "Nichar", "Poo", "Sangla"],
    "Kullu": ["Anni", "Banjar", "Kullu", "Manali", "Nirmand"],
    "Lahaul and Spiti": ["Kaza", "Keylong", "Udaipur"],
    "Mandi": ["Aut", "Baldwara", "Bali Chowki", "Chachyot", "Dharmpur", "Drang", "Gohar", "Karsog", "Mandi", "Padhar", "Sarkaghat", "Sundernagar", "Thunag"],
    "Shimla": ["Chirgaon", "Jubbal", "Kotkhai", "Kumharsain", "Mashobra", "Nankhari", "Rampur", "Rohru", "Shimla", "Theog"],
    "Sirmaur": ["Nahan", "Paonta Sahib", "Rajgarh", "Sangrah", "Shillai"],
    "Solan": ["Arki", "Baddi", "Darlaghat", "Kandaghat", "Kasauli", "Nalagarh", "Ramshahr", "Solan"],
    "Una": ["Amb", "Bangana", "Haroli", "Una"]
  },
  "Jharkhand": {
    "Bokaro": ["Bokaro", "Chandrapura", "Chas", "Gomia", "Jaridih", "Kasmar", "Nawadih", "Peterwar"],
    "Chatra": ["Chatra", "Gidhaur", "Hunterganj", "Itkhori", "Kunda", "Lawalong", "Mayurhand", "Pratappur", "Simaria", "Tandwa"],
    "Deoghar": ["Deoghar", "Devipur", "Karon", "Madhupur", "Mohanpur", "Palojori", "Sarath", "Sarwan"],
    "Dhanbad": ["Baghmara", "Baliapur", "Dhanbad", "Gobindpur", "Jharia", "Nirsa", "Tundi"],
    "Dumka": ["Dumka", "Gopikandar", "Jama", "Jarmundi", "Kathikund", "Masalia", "Ranishwar", "Ramgarh", "Saraiyahat", "Shikaripara"],
    "East Singhbhum": ["Bahragora", "Chakulia", "Dhalbhumgarh", "Dumaria", "Ghatshila", "Golmuri-Cum-Jugsalai", "Jamshedpur", "Musabani", "Patamda", "Potka"],
    "Garhwa": ["Bhandaria", "Bishunpura", "Chinia", "Dandai", "Garhwa", "Ketar", "Kandi", "Meral", "Nagaruntari", "Pipra", "Ramkanda", "Ranka", "Sihawal"],
    "Giridih": ["Bagodar", "Bengabad", "Birni", "Dhanwar", "Dumri", "Gande", "Giridih", "Jamua", "Pirtand", "Sariya", "Tisri"],
    "Godda": ["Boarijor", "Godda", "Mahagama", "Meherma", "Pathargama", "Poraiyahat", "Sunderpahari"],
    "Gumla": ["Basia", "Bishunpur", "Chainpur", "Dumri", "Gumla", "Kamdara", "Palkot", "Raidih", "Sisai"],
    "Hazaribagh": ["Barkagaon", "Barkatha", "Barhi", "Chauparan", "Churchu", "Dadi", "Darukunda", "Hazaribagh", "Ichak", "Katamkukti", "Keredari", "Padma", "Tati Jhariya"],
    "Jamtara": ["Fatehpur", "Jamtara", "Karmatanr", "Kundhit", "Nala", "Narayanpur"],
    "Khunti": ["Arki", "Karra", "Khunti", "Murhu", "Rania", "Torpa"],
    "Koderma": ["Chandwara", "Domchanch", "Jainagar", "Koderma", "Markacho", "Satgawan"],
    "Latehar": ["Balumath", "Barwadih", "Chandwa", "Garhwa", "Latehar", "Mahuadanr", "Manika", "Panki"],
    "Lohardaga": ["Bhandra", "Kisko", "Lohardaga", "Peshrar", "Senha"],
    "Pakur": ["Ama", "Hiranpur", "Litipara", "Maheshpur", "Pakur", "Pakuria"],
    "Palamu": ["Bishrampur", "Chainpur", "Chandwa", "Daltonganj", "Garhwa", "Hussainabad", "Lesliganj", "Maharajganj", "Medininagar", "Panki", "Patan", "Pipra", "Satbarwa"],
    "Ramgarh": ["Chitarpur", "Dulmi", "Gola", "Mandu", "Patratu", "Ramgarh"],
    "Ranchi": ["Angara", "Bero", "Bundu", "Burmu", "Chanho", "Kanke", "Lapung", "Mandar", "Namkum", "Ormanjhi", "Ratu", "Silli", "Sonahatu", "Tamar"],
    "Sahibganj": ["Barhait", "Borio", "Mandro", "Pathna", "Rajmahal", "Sahibganj", "Taljhari", "Udhwa"],
    "Seraikela Kharsawan": ["Adityapur", "Chandil", "Gamharia", "Kuchai", "Seraikela"],
    "Simdega": ["Bano", "Bansjor", "Bolba", "Jaldega", "Kolebira", "Kurdeg", "Pakartanr", "Simdega", "Thethaitangar"],
    "West Singhbhum": ["Bandgaon", "Chakradharpur", "Chaibasa", "Goilkera", "Gudri", "Hussainabad", "Jagannathpur", "Jhinkpani", "Khuntpani", "Kumardungi", "Manoharpur", "Noamundi", "Sonua", "Tantnagar"]
  },
  "Karnataka": {
    "Bagalkot": ["Badami", "Bagalkot", "Bilgi", "Hungund", "Jamkhandi", "Mudhol"],
    "Ballari": ["Ballari", "Hagaribommanahalli", "Hospet", "Kudligi", "Sandur", "Siruguppa"],
    "Belagavi": ["Athani", "Bailhongal", "Belagavi", "Chikodi", "Gokak", "Hukkeri", "Khanapur", "Raibag", "Ramdurg", "Saundatti"],
    "Bengaluru Rural": ["Anekal", "Bengaluru North", "Bengaluru South", "Devanahalli", "Doddaballapura", "Hosakote", "Nelamangala"],
    "Bengaluru Urban": ["Anekal", "Bengaluru North", "Bengaluru South", "Bengaluru East", "Bengaluru West"],
    "Bidar": ["Aurad", "Basavakalyan", "Bhalki", "Bidar", "Humnabad"],
    "Chamarajanagar": ["Chamarajanagar", "Gundlupet", "Kollegal", "Yelandur"],
    "Chikballapur": ["Bagepalli", "Chikballapur", "Chintamani", "Gauribidanur", "Gudibanda", "Sidlaghatta"],
    "Chikkamagaluru": ["Chikkamagaluru", "Kadur", "Koppa", "Mudigere", "Narasimharajapura", "Sringeri", "Tarikere"],
    "Chitradurga": ["Challakere", "Chitradurga", "Hiriyur", "Holalkere", "Hosadurga", "Molakalmuru"],
    "Dakshina Kannada": ["Bantwal", "Belthangady", "Kadaba", "Mangaluru", "Moodbidri", "Puttur", "Sullia"],
    "Davanagere": ["Channagiri", "Davanagere", "Harapanahalli", "Harihar", "Honnali", "Jagalur"],
    "Dharwad": ["Dharwad", "Hubballi", "Kalghatgi", "Kundgol", "Navalgund"],
    "Gadag": ["Gadag", "Mundargi", "Nargund", "Ron", "Shirhatti"],
    "Hassan": ["Alur", "Arkalgud", "Arsikere", "Belur", "Channarayapatna", "Hassan", "Hole Narsipur", "Sakleshpur"],
    "Haveri": ["Byadgi", "Hangal", "Haveri", "Hirekerur", "Ranibennur", "Savanur", "Shiggaon"],
    "Kalaburagi": ["Afzalpur", "Aland", "Chincholi", "Chitapur", "Kalaburagi", "Jevargi", "Sedam", "Shahpur", "Yadgir"],
    "Kodagu": ["Madikeri", "Somvarpet", "Virajpet"],
    "Kolar": ["Bangarapet", "Kolar", "Malur", "Mulbagal", "Srinivaspur"],
    "Koppal": ["Gangawati", "Koppal", "Kushtagi", "Yelbarga"],
    "Mandya": ["Krishnarajanagara", "Maddur", "Malavalli", "Mandya", "Nagamangala", "Pandavapura", "Srirangapatna"],
    "Mysuru": ["Heggadadevankote", "Hunsur", "Krishnarajanagara", "Mysuru", "Nanjangud", "Piriyapatna", "Saragur", "Tirumakudal Narsipur"],
    "Raichur": ["Devadurga", "Lingsugur", "Manvi", "Raichur", "Sindhnur"],
    "Ramanagara": ["Channapatna", "Kanakapura", "Magadi", "Ramanagara"],
    "Shivamogga": ["Bhadravati", "Hosanagara", "Sagar", "Shikaripura", "Shivamogga", "Sorab", "Thirthahalli"],
    "Tumakuru": ["Chiknayakanhalli", "Gubbi", "Koratagere", "Kunigal", "Madhugiri", "Pavagada", "Sira", "Tiptur", "Tumakuru", "Turuvekere"],
    "Udupi": ["Baindoor", "Brahmavar", "Byndoor", "Hebri", "Karkala", "Kundapura", "Udupi"],
    "Uttara Kannada": ["Ankola", "Bhatkal", "Haliyal", "Honnavar", "Joida", "Karwar", "Kumta", "Mundgod", "Siddapur", "Sirsi", "Yellapur"],
    "Vijayapura": ["Basavana Bagewadi", "Indi", "Muddebihal", "Sindgi", "Tikota", "Vijayapura"],
    "Yadgir": ["Gurmitkal", "Hunsagi", "Shahpur", "Shorapur", "Vadagera", "Yadgir"]
  },
  "Kerala": {
    "Alappuzha": ["Alappuzha", "Aroor", "Cherthala", "Kanjikkuzhi", "Karthikappally", "Kuttanad", "Mavelikkara", "Thiruvalla"],
    "Ernakulam": ["Aluva", "Kanayannur", "Kochi", "Kothamangalam", "Muvattupuzha", "North Paravur", "Paravur"],
    "Idukki": ["Adimali", "Azhutha", "Devikulam", "Elappara", "Idukki", "Kattappana", "Nedumkandam", "Peerumade", "Thodupuzha", "Udumbanchola"],
    "Kannur": ["Cannanore", "Iritty", "Kannur", "Koothuparamba", "Payyannur", "Taliparamba", "Thalassery"],
    "Kasaragod": ["Hosdurg", "Kasaragod", "Manjeshwar", "Vellarikundu"],
    "Kollam": ["Chavara", "Kollam", "Kottarakkara", "Kunnathur", "Pathanapuram", "Punalur", "Thiruvalla"],
    "Kottayam": ["Changanassery", "Kanjirappally", "Kottayam", "Meenachil", "Vaikom"],
    "Kozhikode": ["Kozhikode", "Koyilandy", "Thamarassery", "Vadakara"],
    "Malappuram": ["Eranad", "Nilambur", "Perinthalmanna", "Ponnani", "Tirur", "Tirurangadi"],
    "Palakkad": ["Alathur", "Chittur", "Mannarkkad", "Ottapalam", "Palakkad", "Pattambi"],
    "Pathanamthitta": ["Adoor", "Kozhencherry", "Mallappally", "Ranni", "Thiruvalla"],
    "Thiruvananthapuram": ["Chirayinkeezhu", "Nedumangad", "Neyyattinkara", "Parassala", "Thiruvananthapuram"],
    "Thrissur": ["Chalakudy", "Chavakkad", "Kodungallur", "Mukundapuram", "Thalapilly", "Thrissur"],
    "Wayanad": ["Kalpetta", "Mananthavady", "Sulthan Bathery", "Vythiri"]
  },
  "Madhya Pradesh": {
    "Agar Malwa": ["Agar", "Badod", "Nalkheda", "Soyatkalan", "Susner"],
    "Alirajpur": ["Alirajpur", "Bhavra", "Jobat", "Katthiwada", "Sondwa"],
    "Anuppur": ["Anuppur", "Jaithari", "Kotma", "Pushparajgarh"],
    "Ashoknagar": ["Ashoknagar", "Chanderi", "Esagarh", "Mungaoli"],
    "Balaghat": ["Balaghat", "Baihar", "Katangi", "Lalbarra", "Lanji", "Paraswada", "Wara Seoni"],
    "Barwani": ["Barwani", "Niwali", "Pansemal", "Pat", "Rajpur", "Sendhwa", "Thikri"],
    "Betul": ["Amla", "Betul", "Bhainsdehi", "Chicholi", "Ghoda Dongri", "Multai", "Shahpur"],
    "Bhind": ["Ater", "Bhind", "Gohad", "Lahar", "Mehgaon", "Mihona"],
    "Bhopal": ["Berasia", "Huzur", "Phanda"],
    "Burhanpur": ["Burhanpur", "Khaknar", "Nepanagar"],
    "Chhatarpur": ["Bada Malhera", "Baksawah", "Bijawar", "Chhatarpur", "Gaurihar", "Laundi", "Maharajpur", "Nowgong", "Rajnagar"],
    "Chhindwara": ["Amarwara", "Bichhua", "Chhindwara", "Harrai", "Junnardeo", "Mohkhed", "Parasia", "Sausar", "Tamia"],
    "Damoh": ["Damoh", "Hatta", "Jabera", "Patharia", "Patera", "Tendukheda"],
    "Datia": ["Bhander", "Datia", "Indergarh", "Pohari", "Seondha"],
    "Dewas": ["Bagli", "Dewas", "Hatpiplya", "Kannod", "Khategaon", "Sonkatch"],
    "Dhar": ["Badnawar", "Dhar", "Dharampuri", "Gandhwani", "Kukshi", "Manawar", "Nalchha", "Sardarpur"],
    "Dindori": ["Amarpur", "Bajag", "Dindori", "Karanjiya", "Mehandwani", "Samnapur", "Shahpura"],
    "Guna": ["Aron", "Bamori", "Chachoda", "Guna", "Kumbhraj", "Maksudangarh", "Raghogarh"],
    "Gwalior": ["Bhitarwar", "Dabra", "Ghatigaon", "Gwalior", "Pichhore"],
    "Harda": ["Harda", "Khirkiya", "Rehatgaon", "Sirali", "Timarni"],
    "Hoshangabad": ["Babai", "Bankhedi", "Hoshangabad", "Itarsi", "Pipariya", "Sohagpur"],
    "Indore": ["Depalpur", "Hatod", "Indore", "Mhow", "Sanwer"],
    "Jabalpur": ["Barela", "Bhedaghat", "Jabalpur", "Kundam", "Majholi", "Panagar", "Patan", "Sihora"],
    "Jhabua": ["Jhabua", "Meghnagar", "Petlawad", "Rama", "Ranapur", "Thandla"],
    "Katni": ["Badwara", "Bahoriband", "Dhimarkheda", "Katni", "Murwara", "Rithi", "Vijayraghavgarh"],
    "Khandwa": ["Burhanpur", "Harsud", "Khalwa", "Khandwa", "Pandhana", "Punasa"],
    "Khargone": ["Bhagwanpura", "Bhikangaon", "Gogaon", "Kasrawad", "Khargone", "Maheshwar", "Segaon", "Sendhwa"],
    "Mandla": ["Bichhiya", "Ghughari", "Mandla", "Mohgaon", "Nainpur", "Niwas", "Tendukheda"],
    "Mandsaur": ["Bhanpura", "Daloda", "Garoth", "Malhargarh", "Mandsaur", "Sitamau"],
    "Morena": ["Ambah", "Joura", "Kailaras", "Morena", "Porsa", "Sabalgarh"],
    "Narsinghpur": ["Chichli", "Gadarwara", "Gotegaon", "Kareli", "Narsinghpur", "Saikheda", "Tendukheda"],
    "Neemuch": ["Jawad", "Manasa", "Neemuch", "Rampura", "Singoli"],
    "Panna": ["Ajaigarh", "Amanganj", "Devendranagar", "Gunnor", "Panna", "Pawai", "Shahnagar"],
    "Raisen": ["Bareli", "Begamganj", "Gairatganj", "Goharganj", "Raisen", "Silwani", "Udaipura"],
    "Rajgarh": ["Biaora", "Jirapur", "Khilchipur", "Narsinghgarh", "Pachore", "Rajgarh", "Sarangpur"],
    "Ratlam": ["Alot", "Bajna", "Jaora", "Piploda", "Raoti", "Ratlam", "Sailana"],
    "Rewa": ["Deosar", "Gurh", "Hanumana", "Mauganj", "Raipur-Karchuliyan", "Rewa", "Sirmour", "Teonthar"],
    "Sagar": ["Banda", "Bina", "Deori", "Garhakota", "Jaisinagar", "Kesli", "Malthon", "Rahatgarh", "Rehli", "Sagar", "Shahgarh"],
    "Satna": ["Amarpatan", "Birsinghpur", "Chitrakoot", "Maihar", "Nagod", "Rampur Baghelan", "Raghurajnagar", "Unchehara"],
    "Sehore": ["Ashta", "Budni", "Ichhawar", "Nasrullaganj", "Sehore", "Shyampur"],
    "Seoni": ["Barghat", "Dhanora", "Ghansaur", "Keolari", "Kurai", "Lakhanadon", "Seoni"],
    "Shahdol": ["Beohari", "Burhar", "Jaisinghnagar", "Jaitpur", "Kotma", "Sohagpur"],
    "Shajapur": ["Agar", "Badod", "Kalapipal", "Moman Badodiya", "Nalkheda", "Shajapur", "Shujalpur", "Soyatkalan", "Susner"],
    "Sheopur": ["Badoda", "Bijeypur", "Karahal", "Sheopur", "Vijaypur"],
    "Shivpuri": ["Badarwas", "Karera", "Khaniadhana", "Kolaras", "Narwar", "Pichhore", "Shivpuri"],
    "Sidhi": ["Chitrangi", "Gopadbanas", "Kusmi", "Majhauli", "Rampur Naikin", "Sihawal"],
    "Singrauli": ["Chitrangi", "Deosar", "Singrauli"],
    "Tikamgarh": ["Baldeogarh", "Jatara", "Khargapur", "Niwari", "Orchha", "Palera", "Pawai", "Prithvipur", "Tikamgarh"],
    "Ujjain": ["Badnagar", "Ghatiya", "Khachrod", "Mahidpur", "Nagda", "Tarana", "Ujjain"],
    "Umaria": ["Bandhavgarh", "Chandia", "Manpur", "Pali", "Umaria"],
    "Vidisha": ["Basoda", "Ganjbasoda", "Kurwai", "Lateri", "Nateran", "Sironj", "Vidisha"]
  },
  "Maharashtra": {
    "Ahmednagar": ["Ahmednagar", "Akole", "Jamkhed", "Karjat", "Kopargaon", "Nevasa", "Parner", "Pathardi", "Rahata", "Rahuri", "Sangamner", "Shevgaon", "Shrigonda", "Shrirampur"],
    "Akola": ["Akola", "Akot", "Balapur", "Barshitakli", "Murtijapur", "Patur", "Telhara"],
    "Amravati": ["Achalpur", "Amravati", "Anjangaon Surji", "Bhatkuli", "Chandur Bazar", "Chandur Railway", "Chikhaldara", "Daryapur", "Dhamangaon Railway", "Dharni", "Morshi", "Nandgaon-Khandeshwar", "Teosa", "Warud"],
    "Aurangabad": ["Aurangabad", "Gangapur", "Kannad", "Khuldabad", "Paithan", "Sillod", "Soegaon", "Vaijapur"],
    "Beed": ["Ambejogai", "Ashti", "Beed", "Dharur", "Georai", "Kaij", "Majalgaon", "Parli", "Patoda", "Shirur (Kasar)", "Wadwani"],
    "Bhandara": ["Bhandara", "Lakhani", "Mohadi", "Pauni", "Sakoli", "Tumsar"],
    "Buldhana": ["Buldhana", "Chikhli", "Deolgaon Raja", "Jalgaon (Jamod)", "Khamgaon", "Lonar", "Mehkar", "Motala", "Nandura", "Sangrampur", "Shegaon"],
    "Chandrapur": ["Ballarpur", "Bhadravati", "Bramhapuri", "Chandrapur", "Chimur", "Gondpipri", "Jiwati", "Korpana", "Mul", "Nagbhid", "Pombhurna", "Rajura", "Sawali", "Sindewahi", "Warora"],
    "Dhule": ["Dhule", "Sakri", "Shirpur", "Sindkheda"],
    "Gadchiroli": ["Aheri", "Armori", "Bhamragad", "Chamorshi", "Desaiganj (Vadsa)", "Dhanora", "Etapalli", "Gadchiroli", "Korchi", "Kurkheda", "Mulchera", "Sironcha"],
    "Gondia": ["Amgaon", "Arjuni Morgaon", "Deori", "Gondia", "Goregaon", "Sadak-Arjuni", "Salekasa", "Tirora"],
    "Hingoli": ["Aundha (Nagnath)", "Basmath", "Hingoli", "Kalamnuri", "Sengaon"],
    "Jalgaon": ["Amalner", "Bhadgaon", "Bhusawal", "Bodwad", "Chalisgaon", "Chopda", "Dharangaon", "Erandol", "Jalgaon", "Jamner", "Muktainagar", "Pachora", "Parola", "Raver", "Yawal"],
    "Jalna": ["Badnapur", "Bhokardan", "Ghansawangi", "Jafferabad", "Jalna", "Mantha", "Partur"],
    "Kolhapur": ["Ajara", "Bavda", "Bhudargad", "Chandgad", "Gadhinglaj", "Hatkanangle", "Kagal", "Karveer", "Panhala", "Radhanagari", "Shahuwadi", "Shirol"],
    "Latur": ["Ahmadpur", "Ausa", "Chakur", "Deoni", "Jalkot", "Latur", "Nilanga", "Renapur", "Shirur-Anantpal", "Udgir"],
    "Mumbai City": ["Colaba", "Dongri", "Fort", "Marine Lines", "Mumbai Port", "Nariman Point"],
    "Mumbai Suburban": ["Andheri", "Borivali", "Chembur", "Dahisar", "Goregaon", "Jogeshwari", "Kandivali", "Malad", "Mulund", "Powai", "Santacruz", "Vikhroli"],
    "Nagpur": ["Bhiwapur", "Hingna", "Kalmeshwar", "Kamptee", "Katol", "Kuhi", "Mauda", "Nagpur City", "Narkhed", "Parseoni", "Ramtek", "Savner", "Umred"],
    "Nanded": ["Ardhapur", "Biloli", "Deglur", "Dharmabad", "Hadgaon", "Kandhar", "Kinwat", "Loha", "Mahur", "Mudkhed", "Mukhed", "Naigaon (Khairgaon)", "Nanded", "Umri"],
    "Nandurbar": ["Akkalkuwa", "Akrani", "Dhadgaon", "Nandurbar", "Nawapur", "Shahade", "Taloda"],
    "Nashik": ["Baglan", "Chandwad", "Deola", "Dindori", "Igatpuri", "Kalwan", "Malegaon", "Nandgaon", "Nashik", "Niphad", "Peth", "Sinnar", "Surgana", "Trimbakeshwar", "Yevla"],
    "Osmanabad": ["Bhum", "Kalamb", "Lohara", "Omerga", "Osmanabad", "Paranda", "Tuljapur", "Washi"],
    "Palghar": ["Dahanu", "Jawhar", "Mokhada", "Palghar", "Talasari", "Vada", "Vikramgad"],
    "Parbhani": ["Gangakhed", "Jintur", "Manwath", "Palam", "Parbhani", "Pathri", "Purna", "Sailu", "Sonpeth"],
    "Pune": ["Ambegaon", "Baramati", "Bhor", "Daund", "Haveli", "Indapur", "Junnar", "Khed", "Mawal", "Mulshi", "Pune City", "Purandar", "Shirur", "Velhe"],
    "Raigad": ["Alibag", "Karjat", "Khalapur", "Mahad", "Mangaon", "Mhasla", "Murud", "Panvel", "Pen", "Poladpur", "Roha", "Shrivardhan", "Sudhagad", "Tala", "Uran"],
    "Ratnagiri": ["Chiplun", "Dapoli", "Guhagar", "Khed", "Lanja", "Mandangad", "Rajapur", "Ratnagiri", "Sangameshwar"],
    "Sangli": ["Atpadi", "Jat", "Kadegaon", "Kavathemahankal", "Khanapur (Vita)", "Miraj", "Palus", "Shirala", "Tasgaon", "Walwa"],
    "Satara": ["Jaoli", "Karad", "Khandala", "Khatav", "Koregaon", "Mahabaleshwar", "Man", "Patan", "Phaltan", "Satara", "Wai"],
    "Sindhudurg": ["Devgad", "Dodamarg", "Kankavli", "Kudal", "Malvan", "Sawantwadi", "Vaibhavwadi", "Vengurla"],
    "Solapur": ["Akkalkot", "Barshi", "Karmala", "Madha", "Malshiras", "Mangalvedhe", "Mohol", "Pandharpur", "Sangola", "Solapur North", "Solapur South"],
    "Thane": ["Ambarnath", "Bhiwandi", "Dahanu", "Jawhar", "Kalyan", "Mokhada", "Murbad", "Palghar", "Shahapur", "Talasari", "Thane", "Ulhasnagar", "Vada", "Vikramgad"],
    "Wardha": ["Arvi", "Ashti", "Deoli", "Hinganghat", "Karanja", "Samudrapur", "Seloo", "Wardha"],
    "Washim": ["Karanja", "Malegaon", "Mangrulpir", "Manora", "Risod", "Washim"],
    "Yavatmal": ["Arni", "Babhulgaon", "Darwha", "Digras", "Ghatanji", "Kalamb", "Kelapur", "Mahagaon", "Maregaon", "Ner", "Pusad", "Ralegaon", "Umarkhed", "Wani", "Yavatmal"]
  },
  "Manipur": {
    "Bishnupur": ["Bishnupur", "Kumbi", "Moirang", "Nambol"],
    "Chandel": ["Chandel", "Chakpikarong", "Khengjoy", "Machi", "Tengnoupal"],
    "Churachandpur": ["Churachandpur", "Henglep", "Kangvai", "Mualnuam", "Parbung", "Saikul", "Singngat", "Thanlon", "Tipaimukh"],
    "Imphal East": ["Andro", "Heingang", "Keirao Bitra", "Khurai", "Lamlai", "Porompat", "Sawombung", "Thoubal"],
    "Imphal West": ["Achouba", "Heirok", "Kakching", "Kakching Khunou", "Konthoujam", "Lamphelpat", "Lamsang", "Langthabal", "Lilong", "Mayang Imphal", "Moirang", "Oinam", "Patsoi", "Sekmai", "Wangoi"],
    "Jiribam": ["Borobekra", "Jiribam"],
    "Kakching": ["Hiyanglam", "Kakching", "Kakching Khunou", "Sugnu", "Waikhong"],
    "Kamjong": ["Kamjong", "Kasom Khullen", "Phungyar", "Ukhrul"],
    "Kangpokpi": ["Champhai", "Kangpokpi", "Saitu Gamphazol", "Saikul"],
    "Noney": ["Haochong", "Noney", "Nungba"],
    "Pherzawl": ["Pherzawl", "Tipaimukh"],
    "Senapati": ["Kangpokpi", "Mao", "Paomata", "Purul", "Saitu Gamphazol", "Sadar Hills", "Tadubi"],
    "Tamenglong": ["Nungba", "Tamenglong", "Tamei", "Tousem"],
    "Tengnoupal": ["Chandel", "Kakching", "Kakching Khunou", "Machi", "Tengnoupal"],
    "Thoubal": ["Heirok", "Kakching", "Kakching Khunou", "Konthoujam", "Lilong", "Oinam", "Patsoi", "Sekmai", "Thoubal", "Wangjing Tentha"],
    "Ukhrul": ["Champhai", "Kamjong", "Kasom Khullen", "Phungyar", "Ukhrul"]
  },
  "Meghalaya": {
    "East Garo Hills": ["Dambo Rongjeng", "Kharkutta", "Mendipathar", "Resubelpara", "Samanda"],
    "East Jaintia Hills": ["Khliehriat", "Saipung"],
    "East Khasi Hills": ["Mawkynrew", "Mawphlang", "Mawryngkneng", "Mawsynram", "Mylliem", "Pynursla", "Shella Bholaganj", "Sohra", "Sohiong"],
    "North Garo Hills": ["Dadenggiri", "Mendipathar", "Resubelpara"],
    "Ri Bhoi": ["Jirang", "Nongpoh", "Umsning"],
    "South Garo Hills": ["Baghmara", "Chokpot", "Gasuapara", "Rongara", "Selsella"],
    "South West Garo Hills": ["Ampati", "Betasing", "Zikzak"],
    "South West Khasi Hills": ["Mawkyrwat", "Mawthadraishan", "Ranikor"],
    "West Garo Hills": ["Dalu", "Gambegre", "Rongram", "Selsella", "Tikrikilla"],
    "West Jaintia Hills": ["Amlarem", "Laskein", "Thadlaskein"],
    "West Khasi Hills": ["Mairang", "Mawkyrwat", "Nongstoin"]
  },
  "Mizoram": {
    "Aizawl": ["Aibawk", "Aizawl", "Darlawn", "Hnahthial", "Khawzawl", "Lunglei", "Saitual", "Serchhip", "Thingsulthliah"],
    "Champhai": ["Champhai", "Khawbung", "Khawzawl", "Ngopa", "Tlangnuam"],
    "Hnahthial": ["Hnahthial", "Lunglei"],
    "Khawzawl": ["Khawzawl", "Ngopa"],
    "Kolasib": ["Bilkhawthlir", "Kolasib", "Vairengte"],
    "Lawngtlai": ["Bungtlang", "Chawngte", "Lawngtlai", "Sangau"],
    "Lunglei": ["Hnahthial", "Lunglei", "Lungsen", "Tlabung"],
    "Mamit": ["Dampa", "Kawrthah", "Mamit", "Reiek", "West Phaileng"],
    "Saiha": ["Saiha", "Sangau"],
    "Saitual": ["Saitual", "Thingsulthliah"],
    "Serchhip": ["Serchhip", "Thenzawl"],
    "Zawlnuam": ["Zawlnuam"]
  },
  "Nagaland": {
    "Dimapur": ["Chumukedima", "Dhansiripar", "Dimapur", "Medziphema", "Niuland"],
    "Kiphire": ["Kiphire", "Longmatra", "Pungro", "Seyochung", "Sitimi"],
    "Kohima": ["Jakhama", "Kezocha", "Kohima", "Mozunguzung", "Pedi", "Sechu-Zubza", "Tseminyu"],
    "Longleng": ["Longleng", "Noksen", "Tamlu"],
    "Mokokchung": ["Alongkima", "Changtongya", "Chuchuyimlang", "Kubolong", "Mangkolemba", "Mokokchung", "Tuli"],
    "Mon": ["Aboi", "Angjangyang", "Longching", "Monyakshu", "Tizit"],
    "Peren": ["Jalukie", "Peren", "Tening"],
    "Phek": ["Chozuba", "Khuza", "Meluri", "Pfutsero", "Phek", "Zuketsa"],
    "Tuensang": ["Chare", "Longkhim", "Noklak", "Noksen", "Pungro", "Shamator", "Sotokur", "Tuensang"],
    "Wokha": ["Aitepyong", "Bhandari", "Changpang", "Lotsu", "Ralan", "Sanis", "Sungro", "Wokha"],
    "Zunheboto": ["Aghunato", "Akuluto", "Atoizu", "Ghathashi", "Pughoboto", "Saptiqa", "Satoi", "Suruhuto", "Zunheboto"]
  },
  "Odisha": {
    "Angul": ["Angul", "Athmallik", "Banarpal", "Chhendipada", "Kishorenagar", "Pallahara", "Talcher"],
    "Balangir": ["Agalpur", "Balangir", "Belpada", "Deogaon", "Gudvella", "Khaprakhol", "Loisingha", "Muribahal", "Patnagarh", "Puintala", "Saintala", "Titlagarh", "Turekela"],
    "Balasore": ["Balasore", "Bahanaga", "Basta", "Bhograi", "Jaleswar", "Khaira", "Nilagiri", "Oupada", "Remuna", "Simulia", "Soro"],
    "Bargarh": ["Ambabhona", "Attabira", "Bargarh", "Barpali", "Bhatli", "Bijepur", "Gaisilet", "Padampur", "Paikmal", "Sohela"],
    "Bhadrak": ["Bhadrak", "Basudevpur", "Bhandari Pokhari", "Bonth", "Chandabali", "Dhamnagar", "Tihidi"],
    "Boudh": ["Boudh", "Harbhanga", "Kantamal"],
    "Cuttack": ["Athagarh", "Banki", "Baramba", "Cuttack", "Kantapada", "Mahanga", "Narasinghpur", "Niali", "Salepur", "Tangi"],
    "Deogarh": ["Barkote", "Deogarh", "Reamal"],
    "Dhenkanal": ["Bhuban", "Dhenkanal", "Gandia", "Hindol", "Kamakhyanagar", "Kankadahad", "Odapada", "Parjang"],
    "Gajapati": ["Gosani", "Gumma", "Kashinagar", "Mohana", "Nuagada", "Parlakhemundi", "R.Udayagiri"],
    "Ganjam": ["Aska", "Bhanjanagar", "Buguda", "Chhatrapur", "Chikiti", "Dharakote", "Digapahandi", "Ganjam", "Hinjilicut", "Jarada", "Kabisuryanagar", "Khallikote", "Kodala", "Kukudakhandi", "Purusottampur", "Rambha", "Sanakhemundi", "Sheragada", "Sorada"],
    "Jagatsinghpur": ["Balikuda", "Biridi", "Ersama", "Jagatsinghpur", "Kujang", "Naugaon", "Raghunathpur", "Tirtol"],
    "Jajpur": ["Badachana", "Balianta", "Bari", "Binjharpur", "Dharmasala", "Dusura", "Jajpur", "Jenapur", "Korei", "Rasulpur", "Sukinda"],
    "Jharsuguda": ["Jharsuguda", "Kolabira", "Laikera"],
    "Kalahandi": ["Bhawanipatna", "Dharmagarh", "Golamunda", "Jaipatna", "Junagarh", "Kalampur", "Kesinga", "Kokasara", "Lanjigarh", "Madanpur Rampur", "Narla", "Th. Rampur"],
    "Kandhamal": ["Baliguda", "Chakapad", "Daringbadi", "G.Udayagiri", "Kotagarh", "Nuagaon", "Phiringia", "Raikia", "Tikabali", "Tumudibandha"],
    "Kendrapara": ["Aul", "Derabish", "Garadpur", "Kendrapara", "Mahakalapada", "Marsaghai", "Pattamundai", "Rajnagar"],
    "Kendujhar": ["Anandapur", "Banspal", "Champua", "Ghatgaon", "Harichandanpur", "Hatadihi", "Joda", "Kendujhar", "Patana", "Telkoi"],
    "Khordha": ["Balipatna", "Banapur", "Begunia", "Bhubaneswar", "Bolagarh", "Chandaka", "Jatani", "Khordha", "Lingaraj", "Nayagarh", "Ranpur", "Tangi"],
    "Koraput": ["Bandhugaon", "Boipariguda", "Dasamantapur", "Jeypore", "Koraput", "Kotpad", "Kundura", "Lakshmipur", "Lamtaput", "Machkund", "Nandapur", "Narayanpatna", "Pottangi", "Semiliguda"],
    "Malkangiri": ["Chitrakonda", "Kalimela", "Korukonda", "Kudumulugumma", "Malkangiri", "Mathili", "Podia"],
    "Mayurbhanj": ["Bahalda", "Badasahi", "Baripada", "Betanati", "Bisoi", "Gopabandhunagar", "Jashipur", "Kaptipada", "Karanjia", "Kuliana", "Morada", "Rairangpur", "Rasgovindpur", "Samakhunta", "Suliapada", "Thakurmunda", "Udala"],
    "Nabarangpur": ["Chandahandi", "Dabugan", "Jharigam", "Kodinga", "Kosagumuda", "Nabarangpur", "Nandahandi", "Papadahandi", "Raighar", "Tentulikhunti", "Umerkote"],
    "Nayagarh": ["Dasapalla", "Gania", "Khandapara", "Nayagarh", "Nuagaon", "Odagaon", "Ranpur"],
    "Nuapada": ["Komna", "Khariar", "Nuapada", "Sinapali"],
    "Puri": ["Astaranga", "Brahmagiri", "Chandanpur", "Delanga", "Gop", "Jagatsinghpur", "Kakatpur", "Kanasa", "Krushnaprasad", "Nimapara", "Pipili", "Puri", "Satyabadi"],
    "Rayagada": ["Bishamakatak", "Chandrapur", "Gudari", "Gunupur", "Kalyansinghpur", "Kashipur", "Muniguda", "Padmapur", "Ramanaguda", "Rayagada"],
    "Sambalpur": ["Bamra", "Burla", "Dhama", "Govindpur", "Jujomura", "Kochinda", "Maneswar", "Naktideul", "Rairakhol", "Rengali", "Sambalpur"],
    "Sonepur": ["Birmaharajpur", "Sonepur", "Subalaya", "Tarbha", "Ulunda"],
    "Sundargarh": ["Balangir", "Bargaon", "Bisra", "Bondamunda", "Hemgir", "Koida", "Kutra", "Lahunipara", "Lathikata", "Lephripara", "Nuagaon", "Rajgangpur", "Rourkela", "Sundargarh", "Tangarapali"]
  },
  "Punjab": {
    "Amritsar": ["Ajnala", "Amritsar-I", "Amritsar-II", "Baba Bakala", "Jandiala Guru", "Majitha", "Rajasansi", "Tarn Taran"],
    "Barnala": ["Barnala", "Handiaya", "Mehal Kalan", "Sehna"],
    "Bathinda": ["Bathinda", "Maur", "Nathana", "Rampura Phul", "Sangat", "Talwandi Sabo"],
    "Faridkot": ["Faridkot", "Jaitu", "Kotkapura"],
    "Fatehgarh Sahib": ["Amloh", "Bassi Pathana", "Fatehgarh Sahib", "Khamanon", "Mandi Gobindgarh"],
    "Fazilka": ["Abohar", "Fazilka", "Jalalabad"],
    "Ferozepur": ["Ferozepur", "Guru Har Sahai", "Jalalabad", "Mamdot", "Zira"],
    "Gurdaspur": ["Batala", "Dera Baba Nanak", "Dhariwal", "Dinanagar", "Gurdaspur", "Kalanaur", "Narot Jaimal Singh", "Qadian"],
    "Hoshiarpur": ["Banga", "Dasuya", "Garhshankar", "Hoshiarpur", "Mukerian", "Sham Chaurasi", "Tanda"],
    "Jalandhar": ["Adampur", "Bhogpur", "Jalandhar-I", "Jalandhar-II", "Jalandhar West", "Nakodar", "Nawanshahr", "Phillaur", "Rahon", "Shahkot"],
    "Kapurthala": ["Bhulath", "Kapurthala", "Nawanshahr", "Phagwara", "Sultanpur Lodhi"],
    "Ludhiana": ["Dehlon", "Jagraon", "Ludhiana East", "Ludhiana West", "Machhiwara", "Malaud", "Payal", "Raikot", "Samrala", "Sudhar"],
    "Mansa": ["Budhlada", "Mansa", "Sardulgarh"],
    "Moga": ["Bagha Purana", "Dharamkot", "Moga", "Nihal Singh Wala"],
    "Muktsar": ["Gidderbaha", "Malout", "Muktsar"],
    "Pathankot": ["Dhar Kalan", "Pathankot"],
    "Patiala": ["Bhadson", "Dudhansadhan", "Ghanaur", "Nabha", "Patiala", "Rajpura", "Samana", "Shutrana"],
    "Rupnagar": ["Anandpur Sahib", "Chamkaur Sahib", "Morinda", "Nangal", "Rupnagar"],
    "Sahibzada Ajit Singh Nagar": ["Kharar", "Mohali", "Sahibzada Ajit Singh Nagar"],
    "Sangrur": ["Ahmedgarh", "Barnala", "Bhawanigarh", "Dhuri", "Lehra", "Longowal", "Malerkotla", "Moonak", "Sangrur", "Sunam"],
    "Shahid Bhagat Singh Nagar": ["Balachaur", "Nawanshahr", "Rahon"],
    "Tarn Taran": ["Bhikhiwind", "Khem Karan", "Patti", "Tarn Taran"],
    "Sri Muktsar Sahib": ["Gidderbaha", "Malout", "Muktsar"]
  },
  "Rajasthan": {
    "Ajmer": ["Ajmer", "Beawar", "Bhinay", "Kekri", "Kishangarh", "Masuda", "Nasirabad", "Peesangan", "Sarwar"],
    "Alwar": ["Alwar", "Behror", "Bansur", "Kathumar", "Kotkasim", "Lachhmangarh", "Mundawar", "Neemrana", "Rajgarh", "Ramgarh", "Tijara", "Thanagazi", "Umren"],
    "Banswara": ["Anandpuri", "Bagidora", "Banswara", "Chorasi", "Ghatol", "Kushalgarh", "Sajjangarh", "Talwara"],
    "Baran": ["Anta", "Atru", "Baran", "Chhabra", "Chhipabarod", "Kishanganj", "Mangrol"],
    "Barmer": ["Barmer", "Baytoo", "Chohtan", "Dhorimanna", "Gudamalani", "Pachpadra", "Ramsar", "Samdari", "Sheo", "Siwana"],
    "Bharatpur": ["Bayana", "Bharatpur", "Deeg", "Kaman", "Kumher", "Nadbai", "Nagar", "Pahari", "Rupbas", "Weir"],
    "Bhilwara": ["Asind", "Bhilwara", "Gangapur", "Hurda", "Jahazpur", "Kotri", "Mandal", "Mandalgarh", "Raipur", "Sahara", "Shahpura", "Suhagi"],
    "Bikaner": ["Bikaner", "Dungargarh", "Khajuwala", "Kolayat", "Loonkaransar", "Nokha", "Pugal", "Raisinghnagar", "Sri Dungargarh"],
    "Bundi": ["Bundi", "Hindoli", "Indragarh", "Keshoraipatan", "Lakheri", "Nainwa"],
    "Chittorgarh": ["Bari Sadri", "Begun", "Bhimganj Mandi", "Chhoti Sadri", "Chittorgarh", "Dungla", "Gangrar", "Kapasan", "Nimbahera", "Pratapgarh", "Rashmi", "Rawatbhata"],
    "Churu": ["Bidasar", "Churu", "Dungargarh", "Rajgarh", "Ratangarh", "Sardarshahar", "Sujangarh", "Taranagar"],
    "Dausa": ["Bandikui", "Baswa", "Dausa", "Lalsot", "Mahuwa", "Sikrai"],
    "Dholpur": ["Bari", "Dholpur", "Rajakhera", "Sarmathura"],
    "Dungarpur": ["Aspur", "Bichhiwara", "Dungarpur", "Sagwara", "Simalwara"],
    "Hanumangarh": ["Bhadra", "Hanumangarh", "Nohar", "Pilibanga", "Rawatsar", "Sangaria"],
    "Jaipur": ["Amber", "Bassi", "Chaksu", "Chomu", "Dudu", "Jaipur", "Jamwa Ramgarh", "Kotputli", "Phagi", "Phulera", "Sanganer", "Shahpura", "Viratnagar"],
    "Jaisalmer": ["Fatehgarh", "Jaisalmer", "Pokaran", "Ramgarh", "Sam"],
    "Jalore": ["Ahore", "Bhinmal", "Jalore", "Raniwara", "Sanchore", "Sayla"],
    "Jhalawar": ["Aklera", "Gangdhar", "Jhalawar", "Jhalrapatan", "Khanpur", "Manohar Thana", "Pachpahar", "Pirawa"],
    "Jhunjhunu": ["Bissau", "Chirawa", "Dundlod", "Jhunjhunu", "Khetri", "Malsisar", "Nawalgarh", "Pilani", "Surajgarh", "Udaipurwati", "Vidyavihar"],
    "Jodhpur": ["Balesar", "Bap", "Bilara", "Jodhpur", "Luni", "Osian", "Phalodi", "Shergarh", "Tinwari"],
    "Karauli": ["Hindaun", "Karauli", "Mandrail", "Nadoti", "Sapotra", "Todabhim"],
    "Kota": ["Chechat", "Digod", "Itawa", "Kota", "Ladpura", "Pipalda", "Ramganj Mandi", "Sangod"],
    "Nagaur": ["Degana", "Didwana", "Jayal", "Kuchaman City", "Ladnu", "Makrana", "Merta", "Nagaur", "Nawa", "Parbatsar", "Riyan Badi"],
    "Pali": ["Bali", "Desuri", "Jaitaran", "Marwar Junction", "Pali", "Raipur", "Rani", "Rohat", "Sojat", "Sumerpur"],
    "Pratapgarh": ["Chhoti Sadri", "Dungla", "Pratapgarh"],
    "Rajsamand": ["Amber", "Bhim", "Deogarh", "Kumbhalgarh", "Nathdwara", "Pali", "Rajsamand", "Railmagra"],
    "Sawai Madhopur": ["Bamanwas", "Bonli", "Chauth Ka Barwara", "Gangapur", "Khandar", "Mahuwa", "Sawai Madhopur"],
    "Sikar": ["Danta Ramgarh", "Dhod", "Fatehpur", "Khandela", "Lachhmangarh", "Neem Ka Thana", "Pilani", "Ramgarh", "Reengus", "Sikar", "Sri Madhopur"],
    "Sirohi": ["Abu Road", "Pindwara", "Reodar", "Sheoganj", "Sirohi"],
    "Sri Ganganagar": ["Anupgarh", "Ganganagar", "Gharsana", "Karanpur", "Padampur", "Raisinghnagar", "Sadulshahar", "Suratgarh", "Vijainagar"],
    "Tonk": ["Deoli", "Malpura", "Niwai", "Pipalda", "Tonk", "Todaraisingh", "Uniara"],
    "Udaipur": ["Bhim", "Girwa", "Gogunda", "Jhadol", "Kherwara", "Kotra", "Lasadiya", "Mavli", "Rishabhdeo", "Salumbar", "Sarada", "Vallabhnagar"]
  },
  "Sikkim": {
    "East Sikkim": ["Gangtok", "Pakyong", "Rongli", "Rhenock"],
    "North Sikkim": ["Chungthang", "Dzongu", "Kabi", "Lachen", "Lachung", "Mangan"],
    "South Sikkim": ["Barfung", "Jorethang", "Namchi", "Ravong", "Soreng", "Yangyang"],
    "West Sikkim": ["Gyalshing", "Kaluk", "Rinchenpong", "Soreng", "Yuksom"]
  },
  "Tamil Nadu": {
    "Ariyalur": ["Ariyalur", "Sendurai", "Udayarpalayam"],
    "Chengalpattu": ["Chengalpattu", "Cheyyur", "Madurantakam", "Pallavaram", "Tambaram", "Tirukalukundram"],
    "Chennai": ["Alandur", "Ambattur", "Aminjikarai", "Arakkonam", "Chennai City", "Egmore", "Guindy", "Madhavaram", "Mambalam", "Perambur", "Purasawalkam", "Tondiarpet", "Triplicane"],
    "Coimbatore": ["Annur", "Coimbatore North", "Coimbatore South", "Kinathukadavu", "Madukkarai", "Periyanayakkanpalayam", "Pollachi", "Sulur", "Thondamuthur", "Valparai"],
    "Cuddalore": ["Bhuvanagiri", "Cuddalore", "Kurinjipadi", "Panruti", "Tittakudi", "Veppur", "Vridhachalam"],
    "Dharmapuri": ["Dharmapuri", "Harur", "Karimangalam", "Nallampalli", "Palacode", "Pennagaram"],
    "Dindigul": ["Athoor", "Dindigul", "Guziliamparai", "Kodaikanal", "Natham", "Nilakottai", "Oddanchatram", "Palani", "Reddiarchatram", "Seelapadi", "Thoppampatti", "Vedasandur"],
    "Erode": ["Avanashi", "Bhavani", "Chennimalai", "Erode", "Gobichettipalayam", "Kodumudi", "Modakurichi", "Perundurai", "Sathyamangalam", "Thalavadi", "Tharamangalam"],
    "Kallakurichi": ["Chinnasalem", "Gingee", "Kallakurichi", "Sankarapuram", "Sankarankoil", "Tirukoilur", "Ulundurpet"],
    "Kanchipuram": ["Arakkonam", "Cheyyur", "Kanchipuram", "Madurantakam", "Sriperumbudur", "Tirukalukundram", "Uthiramerur", "Walajabad"],
    "Karur": ["Aravakurichi", "Kadavur", "Karur", "Krishnarayapuram", "Kulithalai", "Manmangalam", "Pugalur", "Thogamalai"],
    "Krishnagiri": ["Anchetty", "Bargur", "Hosur", "Kaveripattinam", "Krishnagiri", "Mathur", "Pochampalli", "Shoolagiri", "Thalli", "Uthangarai"],
    "Madurai": ["Madurai East", "Madurai North", "Madurai South", "Madurai West", "Melur", "Peraiyur", "Thirumangalam", "Usilampatti", "Vadipatti"],
    "Mayiladuthurai": ["Kuthalam", "Mayiladuthurai", "Poompuhar", "Sirkali", "Tharangambadi"],
    "Nagapattinam": ["Kilvelur", "Kodavasal", "Koothanallur", "Nagapattinam", "Nannilam", "Thalainayar", "Thirukkuvalai", "Vedaranyam"],
    "Namakkal": ["Kolli Hills", "Mohanur", "Namakkal", "Paramathi-Velur", "Rasipuram", "Senthamangalam", "Tiruchengode"],
    "Nilgiris": ["Coonoor", "Gudalur", "Kotagiri", "Kundah", "Ooty", "Pandalur"],
    "Perambalur": ["Alathur", "Kunnam", "Perambalur", "Veppanthattai"],
    "Pudukkottai": ["Alangudi", "Aranthangi", "Avudayarkoil", "Gandarvakottai", "Iluppur", "Karambakudi", "Kulathur", "Manamelkudi", "Ponnamaravathi", "Pudukkottai", "Thirumayam", "Viralimalai"],
    "Ramanathapuram": ["Kadaladi", "Kamuthi", "Koothanallur", "Mudukulathur", "Paramakudi", "Ramanathapuram", "Rameswaram", "Tiruvadanai"],
    "Ranipet": ["Arakkonam", "Arcot", "Gudiyatham", "Katpadi", "Nemili", "Pallikonda", "Ranipet", "Sholingur", "Vellore", "Walajah"],
    "Salem": ["Attur", "Edapadi", "Gangavalli", "Idappadi", "Kadayampatti", "Kongu", "Mettur", "Omalur", "Pethanaickenpalayam", "Salem", "Sankagiri", "Valapady", "Veerapandi", "Yercaud"],
    "Sivaganga": ["Devakottai", "Ilayangudi", "Kalaiyarkoil", "Karaikudi", "Manamadurai", "Sivaganga", "Thiruppuvanam"],
    "Tenkasi": ["Alangulam", "Courtallam", "Kadayanallur", "Kadaiyanallur", "Sankarankovil", "Shenkottai", "Tenkasi", "Tirunelveli", "Vasudevanallur"],
    "Thanjavur": ["Boothalur", "Kumbakonam", "Orathanadu", "Papanasam", "Pattukkottai", "Peravurani", "Thanjavur", "Thiruvaiyaru", "Thiruvidaimarudur"],
    "Theni": ["Ammapettai", "Bodinayakkanur", "Cumbum", "Periyakulam", "Theni", "Uthamapalayam"],
    "Thoothukudi": ["Eral", "Ettayapuram", "Kayathar", "Kovilpatti", "Ottapidaram", "Sathankulam", "Srivaikuntam", "Thoothukudi", "Tiruchendur", "Vilathikulam"],
    "Tiruchirappalli": ["Lalgudi", "Manachanallur", "Manapparai", "Marungapuri", "Musiri", "Srirangam", "Thottiyam", "Thuraiyur", "Tiruchirappalli", "Uppiliyapuram"],
    "Tirunelveli": ["Ambasamudram", "Cheranmahadevi", "Kadayanallur", "Kalakkad", "Manur", "Nanguneri", "Palayamkottai", "Radhapuram", "Sankarankovil", "Tenkasi", "Tirunelveli", "Vasudevanallur"],
    "Tirupathur": ["Ambur", "Gudiyatham", "Jolarpet", "Kandili", "Natrampalli", "Pallikonda", "Tirupathur", "Vaniyambadi", "Vellore"],
    "Tiruppur": ["Avinashi", "Dharapuram", "Kangayam", "Madathukulam", "Moolanur", "Palladam", "Perundurai", "Tiruppur", "Uthukuli"],
    "Tiruvallur": ["Ambattur", "Avadi", "Gummidipoondi", "Kadambathur", "Pallipattu", "Ponneri", "Poonamallee", "Tiruvallur", "Tiruttani", "Uthukottai"],
    "Tiruvannamalai": ["Arani", "Chengam", "Cheyyar", "Jamunamarathur", "Kalasapakkam", "Kilpennathur", "Polur", "Thandrampet", "Tiruvannamalai", "Vandavasi", "Vembakkam"],
    "Tiruvarur": ["Koothanallur", "Kudavasal", "Mannargudi", "Nannilam", "Needamangalam", "Thiruthuraipoondi", "Tiruvarur", "Valangaiman"],
    "Vellore": ["Arakkonam", "Arcot", "Gudiyatham", "Katpadi", "Nemili", "Pallikonda", "Ranipet", "Sholingur", "Vellore", "Walajah"],
    "Viluppuram": ["Gingee", "Kandachipuram", "Marakkanam", "Melmalayanur", "Tindivanam", "Tirukkoyilur", "Ulundurpet", "Vanur", "Vikravandi"],
    "Virudhunagar": ["Aruppukkottai", "Kariapatti", "Narikkudi", "Rajapalayam", "Sattur", "Sivakasi", "Srivilliputhur", "Tiruchuli", "Virudhunagar", "Watrap"]
  },
  "Telangana": {
    "Adilabad": ["Adilabad", "Asifabad", "Bellampalle", "Bhimavaram", "Boath", "Chennur", "Dilawarpur", "Ichoda", "Jainad", "Kaddam", "Khanapur", "Kuntala", "Luxettipet", "Mancherial", "Narnoor", "Nirmal", "Sirpur (T)", "Tamsi", "Utnoor", "Vemanpalle"],
    "Bhadradri Kothagudem": ["Aswapuram", "Bhadrachalam", "Burgampahad", "Chandrugonda", "Dammapeta", "Kothagudem", "Manuguru", "Mulakalapalle", "Paloncha", "Pinapaka", "Sujathanagar", "Tekulapalle", "Yellandu"],
    "Hyderabad": ["Ameerpet", "Asifnagar", "Bahadurpura", "Bandlaguda", "Charminar", "Falaknuma", "Goshamahal", "Khairatabad", "Malakpet", "Musheerabad", "Nampally", "Rajendranagar", "Secunderabad", "Shaikpet", "Tirumalagiri"],
    "Jagtial": ["Beerpur", "Dharmapuri", "Gollapalle", "Ibrahimpatnam", "Jagtial", "Korutla", "Mallial", "Medipalle", "Metpalle", "Raikal", "Sarangapur", "Sultanabad", "Thimmapur", "Veenavanka"],
    "Jangaon": ["Bachannapet", "Devaruppula", "Ghanpur", "Jangaon", "Kodakandla", "Lingala Ghanpur", "Narmetta", "Palakurthi", "Raghunathpalle", "Tharigoppula", "Wardhannapet"],
    "Jayashankar Bhupalpally": ["Bhupalpalle", "Chintalapudi", "Dornakal", "Eturnagaram", "Ghanpur", "Kothagudem", "Mulug", "Palakurthi", "Regonda", "Venkatapuram", "Wardhannapet"],
    "Jogulamba Gadwal": ["Alampur", "Dharoor", "Gadwal", "Ieeja", "Itikyala", "Jogulamba Gadwal", "Maldakal", "Rajoli", "Waddepalle"],
    "Kamareddy": ["Banswada", "Bichkunda", "Domakonda", "Jukkal", "Kamareddy", "Lingampet", "Machareddy", "Nagireddipet", "Nizamabad", "Pitlam", "Sadasivanagar", "Tadwai", "Yellareddy"],
    "Karimnagar": ["Beerpur", "Choppadandi", "Elkathurthy", "Gangadhara", "Husnabad", "Jagtial", "Karimnagar", "Kodimial", "Manakondur", "Manthani", "Medipalle", "Peddapalle", "Ramagundam", "Sircilla", "Sultanabad", "Thimmapur", "Veeraballi"],
    "Khammam": ["Aswapuram", "Bhadrachalam", "Bonakal", "Chandrugonda", "Dammapeta", "Kallur", "Khammam", "Kothagudem", "Kusumanchi", "Maddur", "Manuguru", "Mudigonda", "Nelakondapalle", "Palair", "Penuballi", "Sathupalle", "Singareni", "Tallada", "Tekulapalle", "Thirumalayapalem", "Vemsoor", "Wyra", "Yellandu"],
    "Komaram Bheem Asifabad": ["Asifabad", "Bejjur", "Dahegaon", "Jainoor", "Kagaznagar", "Kerameri", "Koutala", "Luxettipet", "Mancherial", "Sirpur (T)", "Tiryani", "Utnoor", "Vemanpalle"],
    "Mahabubabad": ["Dornakal", "Eturnagaram", "Ghanpur", "Kothagudem", "Mahabubabad", "Maripeda", "Narsampet", "Regonda", "Venkatapuram", "Wardhannapet"],
    "Mahabubnagar": ["Achampet", "Amangal", "Balakonda", "Bhoothpur", "Bijnapalle", "Chandur", "Dhanwada", "Farooqnagar", "Gadwal", "Ghanpur", "Ieeja", "Itikyala", "Jadcherla", "Kalwakurthy", "Kodangal", "Kollapur", "Kothakota", "Mahabubnagar", "Maldakal", "Midjil", "Nagarkurnool", "Narayanpet", "Peddamandadi", "Rajoli", "Shadnagar", "Thimmajipet", "Uppununthala", "Vangoor", "Waddepalle", "Wanaparthy"],
    "Mancherial": ["Bellampalle", "Chennur", "Jaipur", "Kannepalle", "Kotapalle", "Luxettipet", "Mancherial", "Naspur", "Sirpur (T)", "Vemanpalle"],
    "Medak": ["Alladurg", "Andole", "Chegunta", "Dubbak", "Gajwel", "Hathnoora", "Jagadevpur", "Kohir", "Kondapak", "Kowdipalle", "Medak", "Mulugu", "Nangnoor", "Narsapur", "Nizamabad", "Papannapet", "Ramayampet", "Sadasivpet", "Sangareddy", "Shankarampet (A)", "Shankarampet (R)", "Siddipet", "Thoguta", "Toopran", "Wargal", "Yeldurthy"],
    "Medchal-Malkajgiri": ["Alwal", "Balanagar", "Bolarum", "Dundigal", "Ghatkesar", "Keesara", "Kukatpalle", "Malkajgiri", "Medchal", "Qutbullapur", "Rajendranagar", "Shamirpet", "Uppal"],
    "Mulugu": ["Eturnagaram", "Mahabubabad", "Mulug", "Venkatapuram", "Wardhannapet"],
    "Nagarkurnool": ["Achampet", "Amangal", "Bijinapalle", "Dhanwada", "Kodangal", "Kollapur", "Mahabubnagar", "Nagarkurnool", "Peddamandadi", "Thimmajipet", "Uppununthala", "Vangoor", "Wanaparthy"],
    "Nalgonda": ["Bhongir", "Bibinagar", "Chandampet", "Chandur", "Choutuppal", "Devarakonda", "Gundala", "Gurrampode", "Huzurnagar", "Kethepalle", "Kodad", "Marriguda", "Mothkur", "Mungode", "Nalgonda", "Nampalle", "Narayanapur", "Neredcherla", "Nidamanur", "Pedda Adiserla Palle", "Pochampalle", "Rajapet", "Ramannapet", "Sali Gouraram", "Suryapet", "Thipparthi", "Thirumalagiri", "Tripuraram", "Vemulapalle", "Yadagirigutta"],
    "Narayanpet": ["Dhanwada", "Kodangal", "Mahabubnagar", "Narayanpet", "Peddamandadi", "Thimmajipet", "Uppununthala", "Vangoor"],
    "Nirmal": ["Basar", "Bhimavaram", "Dilawarpur", "Kaddam", "Khanapur", "Kuntala", "Luxettipet", "Mudhole", "Narnoor", "Nirmal", "Sarangapur", "Tamsi", "Utnoor"],
    "Nizamabad": ["Armoor", "Balkonda", "Banswada", "Bichkunda", "Bodhan", "Dichpalle", "Domakonda", "Jakranpalle", "Jukkal", "Kamareddy", "Kotgiri", "Lingampet", "Machareddy", "Maddur", "Makloor", "Nandipet", "Nizamabad", "Pitlam", "Renjal", "Sadasivanagar", "Tadwai", "Varni", "Yellareddy"],
    "Peddapalle": ["Beerpur", "Choppadandi", "Elkathurthy", "Gangadhara", "Husnabad", "Jagtial", "Karimnagar", "Kodimial", "Manakondur", "Manthani", "Medipalle", "Peddapalle", "Ramagundam", "Sircilla", "Sultanabad", "Thimmapur", "Veeraballi"],
    "Rajanna Sircilla": ["Beerpur", "Choppadandi", "Elkathurthy", "Gangadhara", "Husnabad", "Jagtial", "Karimnagar", "Kodimial", "Manakondur", "Manthani", "Medipalle", "Peddapalle", "Ramagundam", "Sircilla", "Sultanabad", "Thimmapur", "Veeraballi"],
    "Rangareddy": ["Abdullapurmet", "Ameenpur", "Balanagar", "Bantwaram", "Basheerabad", "Chevella", "Doma", "Gandeed", "Ghatkesar", "Hayathnagar", "Ibrahimpatnam", "Kandukur", "Keesara", "Kulkacharla", "Malkajgiri", "Manchal", "Marpalle", "Medchal", "Moinabad", "Nawabpet", "Pargi", "Qutbullapur", "Rajendranagar", "Serilingampalle", "Shabad", "Shamirpet", "Shankarpalle", "Tandur", "Vikarabad", "Yacharam"],
    "Sangareddy": ["Alladurg", "Andole", "Chegunta", "Dubbak", "Gajwel", "Hathnoora", "Jagadevpur", "Kohir", "Kondapak", "Kowdipalle", "Medak", "Mulugu", "Nangnoor", "Narsapur", "Nizamabad", "Papannapet", "Ramayampet", "Sadasivpet", "Sangareddy", "Shankarampet (A)", "Shankarampet (R)", "Siddipet", "Thoguta", "Toopran", "Wargal", "Yeldurthy"],
    "Siddipet": ["Alladurg", "Andole", "Chegunta", "Dubbak", "Gajwel", "Hathnoora", "Jagadevpur", "Kohir", "Kondapak", "Kowdipalle", "Medak", "Mulugu", "Nangnoor", "Narsapur", "Nizamabad", "Papannapet", "Ramayampet", "Sadasivpet", "Sangareddy", "Shankarampet (A)", "Shankarampet (R)", "Siddipet", "Thoguta", "Toopran", "Wargal", "Yeldurthy"],
    "Suryapet": ["Bhongir", "Bibinagar", "Chandampet", "Chandur", "Choutuppal", "Devarakonda", "Gundala", "Gurrampode", "Huzurnagar", "Kethepalle", "Kodad", "Marriguda", "Mothkur", "Mungode", "Nalgonda", "Nampalle", "Narayanapur", "Neredcherla", "Nidamanur", "Pedda Adiserla Palle", "Pochampalle", "Rajapet", "Ramannapet", "Sali Gouraram", "Suryapet", "Thipparthi", "Thirumalagiri", "Tripuraram", "Vemulapalle", "Yadagirigutta"],
    "Vikarabad": ["Abdullapurmet", "Ameenpur", "Balanagar", "Bantwaram", "Basheerabad", "Chevella", "Doma", "Gandeed", "Ghatkesar", "Hayathnagar", "Ibrahimpatnam", "Kandukur", "Keesara", "Kulkacharla", "Malkajgiri", "Manchal", "Marpalle", "Medchal", "Moinabad", "Nawabpet", "Pargi", "Qutbullapur", "Rajendranagar", "Serilingampalle", "Shabad", "Shamirpet", "Shankarpalle", "Tandur", "Vikarabad", "Yacharam"],
    "Wanaparthy": ["Achampet", "Amangal", "Bijinapalle", "Dhanwada", "Kodangal", "Kollapur", "Mahabubnagar", "Nagarkurnool", "Peddamandadi", "Thimmajipet", "Uppununthala", "Vangoor", "Wanaparthy"],
    "Warangal Rural": ["Atmakur", "Bachannapet", "Chennaraopet", "Dharmasagar", "Eturnagaram", "Ghanpur", "Gudur", "Hasanparthy", "Husnabad", "Jangaon", "Kodakandla", "Lingala Ghanpur", "Mahabubabad", "Mallampalle", "Mogullapalle", "Mulug", "Narmetta", "Narsampet", "Palakurthi", "Parvathagiri", "Raghunathpalle", "Regonda", "Sangam", "Tharigoppula", "Venkatapuram", "Wardhannapet"],
    "Warangal Urban": ["Atmakur", "Bachannapet", "Chennaraopet", "Dharmasagar", "Eturnagaram", "Ghanpur", "Gudur", "Hasanparthy", "Husnabad", "Jangaon", "Kodakandla", "Lingala Ghanpur", "Mahabubabad", "Mallampalle", "Mogullapalle", "Mulug", "Narmetta", "Narsampet", "Palakurthi", "Parvathagiri", "Raghunathpalle", "Regonda", "Sangam", "Tharigoppula", "Venkatapuram", "Wardhannapet"],
    "Yadadri Bhuvanagiri": ["Bhongir", "Bibinagar", "Chandampet", "Chandur", "Choutuppal", "Devarakonda", "Gundala", "Gurrampode", "Huzurnagar", "Kethepalle", "Kodad", "Marriguda", "Mothkur", "Mungode", "Nalgonda", "Nampalle", "Narayanapur", "Neredcherla", "Nidamanur", "Pedda Adiserla Palle", "Pochampalle", "Rajapet", "Ramannapet", "Sali Gouraram", "Suryapet", "Thipparthi", "Thirumalagiri", "Tripuraram", "Vemulapalle", "Yadagirigutta"]
  },
  "Tripura": {
    "Dhalai": ["Ambassa", "Dumburnagar", "Gandacherra", "Kamalpur", "Karbook", "Longtharai Valley", "Manu", "Salema"],
    "Gomati": ["Amarpur", "Bagma", "Gomati", "Jolaibari", "Kakraban", "Karbook", "Khowai", "Matabari", "Ompi", "Radhakishorepur", "Santirbazar", "Satchand", "Tepania", "Udaipur"],
    "Khowai": ["Amarpur", "Bagma", "Gomati", "Jolaibari", "Kakraban", "Karbook", "Khowai", "Matabari", "Ompi", "Radhakishorepur", "Santirbazar", "Satchand", "Tepania", "Udaipur"],
    "North Tripura": ["Dharmanagar", "Kadamtala", "Kailashahar", "Kanchanpur", "Kumarghat", "Panisagar", "Pencharthal", "Salema"],
    "Sepahijala": ["Bishalgarh", "Charilam", "Jirania", "Melaghar", "Mohanpur", "Pabmabil", "Sabroom", "Sonamura", "Tulashikhar"],
    "South Tripura": ["Amarpur", "Bagma", "Gomati", "Jolaibari", "Kakraban", "Karbook", "Khowai", "Matabari", "Ompi", "Radhakishorepur", "Santirbazar", "Satchand", "Tepania", "Udaipur"],
    "Unakoti": ["Dharmanagar", "Kadamtala", "Kailashahar", "Kanchanpur", "Kumarghat", "Panisagar", "Pencharthal", "Salema"],
    "West Tripura": ["Bishalgarh", "Charilam", "Jirania", "Melaghar", "Mohanpur", "Pabmabil", "Sabroom", "Sonamura", "Tulashikhar"]
  },
  "Uttar Pradesh": {
    "Agra": ["Agra", "Bah", "Etmadpur", "Fatehabad", "Fatehpur Sikri", "Jagner", "Khairagarh", "Kheragarh", "Kiraoli", "Pinahat"],
    "Aligarh": ["Aligarh", "Atrauli", "Chharra", "Dhanipur", "Gabhana", "Gangiri", "Harduaganj", "Iglas", "Jawan Sikandra", "Khair", "Koil", "Lodha", "Mundawar", "Sasni", "Tappal"],
    "Ambedkar Nagar": ["Akbarpur", "Allapur", "Baskhari", "Bhadohi", "Bilariaganj", "Jalalpur", "Tanda"],
    "Amethi": ["Amethi", "Bhadohi", "Gauriganj", "Jagdishpur", "Musafirkhana", "Salon", "Tiloi"],
    "Amroha": ["Amroha", "Dhanaura", "Gajraula", "Hasanpur", "Naugawan Sadat", "Sambhal"],
    "Auraiya": ["Auraiya", "Bidhuna", "Etawah", "Jaswantnagar", "Saifai"],
    "Ayodhya": ["Ayodhya", "Bikapur", "Dariyabad", "Faizabad", "Milkipur", "Rudauli", "Sohawal"],
    "Azamgarh": ["Azamgarh", "Bilariaganj", "Burhanpur", "Dohrighat", "Lalganj", "Mehnagar", "Nizamabad", "Phulpur", "Sagri", "Thekma"],
    "Baghpat": ["Baghpat", "Baraut", "Bijnor", "Chhaprauli", "Khekra", "Modinagar"],
    "Bahraich": ["Bahraich", "Balha", "Bhinga", "Charda", "Ikauna", "Kaiserganj", "Mahasi", "Nanpara", "Payagpur", "Risia", "Tulsipur"],
    "Ballia": ["Ballia", "Bairia", "Bansdih", "Belthara Road", "Bhabua", "Chitbara Gaon", "Dubaha", "Garwar", "Hanumanganj", "Kopaganj", "Maniyar", "Mau", "Phephna", "Rasra", "Reoti", "Sikanderpur", "Sohaon"],
    "Balrampur": ["Balrampur", "Gaisari", "Gonda", "Tulsipur", "Utraula"],
    "Banda": ["Atarra", "Baberu", "Banda", "Bisanda", "Chitrakoot", "Karwi", "Naraini", "Pailani", "Tindwari"],
    "Barabanki": ["Barabanki", "Badosarai", "Banki", "Fatehpur", "Haiderganj", "Jaidpur", "Nindura", "Puredalai", "Ramnagar", "Sirauli Gauspur", "Suratganj", "Tikaitnagar"],
    "Bareilly": ["Aonla", "Baheri", "Bareilly", "Bhojipura", "Bithri Chainpur", "Chandausi", "Faridpur", "Fatehganj West", "Kampil", "Kyara", "Meerganj", "Nawabganj", "Pilibhit", "Richha", "Shergarh", "Tilhar"],
    "Basti": ["Basti", "Bhanpur", "Harraiya", "Kaptanganj", "Mahadewa", "Rudhauli"],
    "Bhadohi": ["Aurai", "Bhadohi", "Gyanpur", "Suriyawan"],
    "Bijnor": ["Bijnor", "Chandpur", "Dhampur", "Haldaur", "Jalilpur", "Kiratpur", "Kotwali", "Nagina", "Noorpur", "Seohara", "Sherkot", "Thakurdwara"],
    "Budaun": ["Bilsi", "Bisauli", "Budaun", "Dataganj", "Gunnaur", "Sahaswan", "Sambhal", "Ujhani", "Wazirganj"],
    "Bulandshahr": ["Anupshahr", "Bulandshahr", "Debai", "Gulaothi", "Jahangirabad", "Khurja", "Sikandrabad", "Siana", "Shikarpur", "Syana"],
    "Chandauli": ["Chandauli", "Chakia", "Dhanapur", "Mughalsarai", "Sakaldiha"],
    "Chitrakoot": ["Chitrakoot", "Karwi", "Mau", "Maniyar", "Rajapur"],
    "Deoria": ["Barhaj", "Bhatpar Rani", "Deoria", "Lar", "Rampur Karkhana", "Rudrapur", "Salempur"],
    "Etah": ["Aliganj", "Awagarh", "Etah", "Jalesar", "Kasganj", "Marehra", "Patiali", "Sahawar"],
    "Etawah": ["Auraiya", "Bidhuna", "Etawah", "Jaswantnagar", "Saifai"],
    "Farrukhabad": ["Amritpur", "Farrukhabad", "Kaimganj", "Kamalganj", "Mohammadabad"],
    "Fatehpur": ["Amauli", "Ayah Shah", "Bindki", "Fatehpur", "Haswa", "Husainganj", "Khaga", "Malwan", "Rampur Khas"],
    "Firozabad": ["Firozabad", "Jasrana", "Shikohabad", "Tundla"],
    "Gautam Buddha Nagar": ["Dadri", "Gautam Buddha Nagar", "Jewar", "Noida"],
    "Ghaziabad": ["Ghaziabad", "Hapur", "Loni", "Modinagar", "Muradnagar"],
    "Ghazipur": ["Ghazipur", "Jakhania", "Mohammadabad", "Saidpur", "Zamania"],
    "Gonda": ["Colonelganj", "Gonda", "Itiathok", "Mankapur", "Tarabganj"],
    "Gorakhpur": ["Bansgaon", "Bansdih", "Campierganj", "Chauri Chaura", "Gola", "Gorakhpur", "Khajni", "Pipraich", "Sahjanwa", "Surajpur"],
    "Hamirpur": ["Hamirpur", "Maudaha", "Rath", "Sarila"],
    "Hapur": ["Dabur", "Garhmukteshwar", "Hapur", "Pilkhuwa"],
    "Hardoi": ["Bilgram", "Hardoi", "Kachhauna", "Pali", "Pihani", "Sandi", "Shahabad", "Sawayajpur"],
    "Hathras": ["Hathras", "Mursan", "Sadabad", "Sasni"],
    "Jalaun": ["Jalaun", "Kalpi", "Konch", "Madhogarh", "Orai"],
    "Jaunpur": ["Badlapur", "Dhanapur", "Jaunpur", "Kerakat", "Machhlishahr", "Mariahu", "Mungra Badshahpur", "Shahganj"],
    "Jhansi": ["Baberu", "Garautha", "Jhansi", "Mauranipur", "Tahrauli"],
    "Kannauj": ["Chhibramau", "Kannauj", "Saurikh", "Talgram"],
    "Kanpur Dehat": ["Akbarpur", "Bilhaur", "Derapur", "Ghatampur", "Kanpur Dehat", "Rasulabad", "Sikandra"],
    "Kanpur Nagar": ["Bilhaur", "Ghatampur", "Kanpur Nagar", "Sikandra"],
    "Kasganj": ["Aliganj", "Awagarh", "Etah", "Jalesar", "Kasganj", "Marehra", "Patiali", "Sahawar"],
    "Kaushambi": ["Chail", "Kaushambi", "Manjhanpur", "Sirathu"],
    "Kheri": ["Dhaurehra", "Gola Gokarannath", "Kheri", "Mohammadi", "Nighasan", "Paliya Kalan", "Pilibhit"],
    "Kushinagar": ["Kasia", "Kushinagar", "Padrauna", "Tamkuhi Raj"],
    "Lalitpur": ["Lalitpur", "Mahroni", "Talbehat"],
    "Lucknow": ["Bakshi Ka Talab", "Lucknow", "Malihabad", "Mohammadpur Khala", "Sarojini Nagar"],
    "Maharajganj": ["Maharajganj", "Nichlaul", "Nautanwa", "Paniyara"],
    "Mahoba": ["Charkhari", "Jaitpur", "Kabrai", "Kulpahar", "Mahoba"],
    "Mainpuri": ["Bewar", "Karhal", "Kishni", "Mainpuri", "Sultanganj"],
    "Mathura": ["Chhata", "Govardhan", "Mathura", "Mant", "Nandgaon", "Raya"],
    "Mau": ["Ghosi", "Kopaganj", "Mau", "Muhammadabad Gohna"],
    "Meerut": ["Meerut", "Mawana", "Sardhana"],
    "Mirzapur": ["Chunar", "Lalganj", "Marihan", "Mirzapur"],
    "Moradabad": ["Bilari", "Chandausi", "Kanth", "Moradabad", "Thakurdwara"],
    "Muzaffarnagar": ["Budhana", "Charthawal", "Jansath", "Khatauli", "Muzaffarnagar", "Sardhana", "Shamli"],
    "Pilibhit": ["Bisalpur", "Pilibhit", "Puranpur"],
    "Pratapgarh": ["Antu", "Bela", "Kunda", "Lalganj", "Pratapgarh", "Rampur Khas"],
    "Prayagraj": ["Allahabad", "Bara", "Handia", "Karchana", "Koraon", "Meja", "Phulpur", "Soraon"],
    "Raebareli": ["Bachhrawan", "Dalmau", "Lalganj", "Maharajganj", "Raebareli", "Salon", "Sareni", "Tiloi"],
    "Rampur": ["Bilaspur", "Milak", "Rampur", "Shahabad", "Suar", "Tanda"],
    "Saharanpur": ["Behat", "Chhutmalpur", "Deoband", "Gangoh", "Nakur", "Rampur Maniharan", "Saharanpur"],
    "Sambhal": ["Bilari", "Chandausi", "Gunnaur", "Sambhal", "Thakurdwara"],
    "Sant Kabir Nagar": ["Ghanghata", "Khalilabad", "Mehdawal"],
    "Shahjahanpur": ["Jalalabad", "Katra", "Khutar", "Pawayan", "Shahjahanpur", "Tilhar"],
    "Shamli": ["Budhana", "Charthawal", "Jansath", "Khatauli", "Muzaffarnagar", "Sardhana", "Shamli"],
    "Shravasti": ["Bhinga", "Ikauna", "Shravasti"],
    "Siddharthnagar": ["Bansi", "Domariyaganj", "Itwa", "Naugarh", "Shohratgarh"],
    "Sitapur": ["Biswan", "Hargaon", "Laharpur", "Mahmudabad", "Misrikh", "Sitapur"],
    "Sonbhadra": ["Chopan", "Dudhi", "Ghorawal", "Robertsganj"],
    "Sultanpur": ["Amethi", "Bhadohi", "Gauriganj", "Jagdishpur", "Kadipur", "Lambhua", "Musafirkhana", "Salon", "Tiloi"],
    "Unnao": ["Bangarmau", "Bighapur", "Hasanganj", "Purwa", "Safipur", "Unnao"],
    "Varanasi": ["Arajiline", "Badagaon", "Baragaon", "Chiraigaon", "Cholapur", "Pindra", "Sevapuri", "Varanasi"]
  },
  "Uttarakhand": {
    "Almora": ["Almora", "Bageshwar", "Bhatwari", "Champawat", "Dwarahat", "Jainti", "Jageshwar", "Kosi", "Ranikhet", "Someshwar"],
    "Bageshwar": ["Bageshwar", "Berinag", "Champawat", "Garur", "Kapkot", "Kanda", "Kosi", "Pithoragarh"],
    "Chamoli": ["Chamoli", "Devprayag", "Gairsain", "Gopeshwar", "Joshimath", "Karnaprayag", "Nandprayag", "Pokhari", "Tharali"],
    "Champawat": ["Bageshwar", "Berinag", "Champawat", "Garur", "Kapkot", "Kanda", "Kosi", "Pithoragarh"],
    "Dehradun": ["Chakrata", "Dehradun", "Doiwala", "Kalsi", "Rishikesh", "Sahaspur", "Tyuni", "Vikasnagar"],
    "Haridwar": ["Bahadrabad", "Bhagwanpur", "Haridwar", "Khanpur", "Laksar", "Narsan", "Roorkee"],
    "Nainital": ["Betalghat", "Dhari", "Haldwani", "Kaladhungi", "Kosya Kutauli", "Lalkuan", "Nainital", "Ramnagar"],
    "Pauri Garhwal": ["Chaubattakhal", "Dhoomakot", "Dugadda", "Kotdwar", "Lansdowne", "Pauri", "Rikhnikhal", "Srinagar", "Thalisain", "Yamkeshwar"],
    "Pithoragarh": ["Bageshwar", "Berinag", "Champawat", "Didihat", "Dharchula", "Gangolihat", "Kanalichhina", "Khatima", "Munsiari", "Pithoragarh", "Tejam"],
    "Rudraprayag": ["Agastyamuni", "Jakholi", "Karnaprayag", "Okhimath", "Rudraprayag", "Ukhimath"],
    "Tehri Garhwal": ["Chamba", "Devprayag", "Ghansali", "Jakholi", "Kirtinagar", "Narendranagar", "Pratapnagar", "Tehri", "Thauldhar"],
    "Udham Singh Nagar": ["Bajpur", "Gadarpur", "Jaspur", "Kashipur", "Khatima", "Kichha", "Rudrapur", "Sitarganj"],
    "Uttarkashi": ["Barkot", "Bhatwari", "Chinyalisaur", "Dunda", "Mori", "Puraula", "Rajgarhi", "Uttarkashi"]
  },
  "West Bengal": {
    "Alipurduar": ["Alipurduar", "Falakata", "Kumargram", "Madarihat-Birpara"],
    "Bankura": ["Bankura", "Barjora", "Chhatna", "Gangajalghati", "Hirbandh", "Indpur", "Khatra", "Mejhia", "Onda", "Patrasayer", "Raipur", "Saltora", "Sarenga", "Simlapal", "Sonamukhi", "Taldangra"],
    "Birbhum": ["Ahmedpur", "Bolpur", "Dubrajpur", "Illambazar", "Labpur", "Mayureswar", "Mohammad Bazar", "Murarai", "Nalhati", "Nanoor", "Rampurhat", "Sainthia", "Suri"],
    "Cooch Behar": ["Cooch Behar", "Dinhata", "Haldibari", "Koch Bihar", "Mekhliganj", "Sitalkuchi", "Tufanganj"],
    "Dakshin Dinajpur": ["Balurghat", "Banshihari", "Gangarampur", "Harirampur", "Kumarganj", "Kushmandi", "Tapan"],
    "Darjeeling": ["Darjeeling", "Kalimpong", "Kurseong", "Mirik", "Phansidewa", "Rangli Rangliot"],
    "Hooghly": ["Arambagh", "Balagarh", "Chandannagar", "Chinsurah", "Dhaniakhali", "Goghat", "Haripal", "Jangipara", "Khanakul", "Pandua", "Polba", "Serampore", "Singur", "Tarakeswar"],
    "Howrah": ["Amta", "Bagnan", "Domjur", "Howrah", "Jagatballavpur", "Panchla", "Sankrail", "Udaynarayanpur"],
    "Jalpaiguri": ["Alipurduar", "Dhupguri", "Falakata", "Jalpaiguri", "Kumargram", "Madarihat-Birpara", "Mal", "Maynaguri", "Nagrakata", "Rajganj"],
    "Jhargram": ["Binpur", "Gopiballavpur", "Jamboni", "Jhargram", "Nayagram", "Sankrail"],
    "Kalimpong": ["Darjeeling", "Kalimpong", "Kurseong", "Mirik", "Phansidewa", "Rangli Rangliot"],
    "Kolkata": ["Alipore", "Behala", "Bhowanipore", "Bidhannagar", "Jadavpur", "Kolkata Port", "Tollygunge"],
    "Malda": ["Bamangola", "Chanchal", "English Bazar", "Gajol", "Habibpur", "Harishchandrapur", "Kaliachak", "Kaliachak", "Manikchak", "Old Malda", "Ratua"],
    "Murshidabad": ["Baharampur", "Beldanga", "Berhampore", "Bharatpur", "Burwan", "Domkal", "Farakka", "Hariharpara", "Jalangi", "Kandi", "Khargram", "Lalgola", "Nabagram", "Nowda", "Raghunathganj", "Raninagar", "Sagardighi", "Samserganj", "Suti"],
    "Nadia": ["Chakdaha", "Hanskhali", "Kalyani", "Krishnagar", "Nabadwip", "Nakashipara", "Ranaghat", "Santipur", "Tehatta"],
    "North 24 Parganas": ["Amdanga", "Baduria", "Bagda", "Barasat", "Barrackpore", "Basirhat", "Bongaon", "Deganga", "Gaighata", "Habra", "Haroa", "Hasnabad", "Hingalganj", "Minakhan", "Rajarhat", "Sandeshkhali", "Swarupnagar"],
    "Paschim Bardhaman": ["Asansol", "Barabani", "Burdwan", "Durgapur", "Faridpur-Durgapur", "Galsi", "Jamuria", "Kanksa", "Katwa", "Mangalkote", "Pandabeswar", "Raniganj", "Salanpur"],
    "Paschim Medinipur": ["Binpur", "Chandrakona", "Dantan", "Daspur", "Debra", "Ghatal", "Gopiballavpur", "Jamboni", "Jhargram", "Keshiary", "Kharagpur", "Kotwali", "Medinipur", "Nayagram", "Pingla", "Sabang", "Salboni", "Sankrail", "Sarenga"],
    "Purba Bardhaman": ["Asansol", "Barabani", "Burdwan", "Durgapur", "Faridpur-Durgapur", "Galsi", "Jamuria", "Kanksa", "Katwa", "Mangalkote", "Pandabeswar", "Raniganj", "Salanpur"],
    "Purba Medinipur": ["Bhagabanpur", "Chandipur", "Contai", "Deshopran", "Egra", "Haldia", "Khejuri", "Kolaghat", "Kultali", "Mahisadal", "Moyna", "Nandigram", "Panskura", "Patashpur", "Potashpur", "Ramnagar", "Sahid Matangini", "Sutahata", "Tamluk"],
    "Purulia": ["Arsha", "Baghmundi", "Balarampur", "Barabazar", "Bundwan", "Hura", "Jaipur", "Jhalda", "Kashipur", "Manbazar", "Neturia", "Para", "Purulia", "Raghunathpur", "Santuri"],
    "South 24 Parganas": ["Alipore", "Baruipur", "Basanti", "Bhangar", "Bishnupur", "Budge Budge", "Canning", "Diamond Harbour", "Falta", "Gosaba", "Jaynagar", "Kakdwip", "Kulpi", "Magrahat", "Mandirbazar", "Mathurapur", "Namkhana", "Patharpratima", "Sagar", "Sonarpur", "Thakurpukur Maheshtala"],
    "Uttar Dinajpur": ["Chopra", "Goalpokhar", "Hemtabad", "Islampur", "Itahar", "Kaliaganj", "Karandighi", "Raiganj"]
  }
  
}
